captain_id;Begin Date;Begin Time;End Date;End Time;Code
3;31.05.25 00:00;2200;01.06.25 00:00;2200;O_U
8;31.05.25 00:00;2200;01.06.25 00:00;2200;O_L
8;04.06.25 00:00;2200;05.06.25 00:00;2200;U
8;05.06.25 00:00;2200;06.06.25 00:00;2200;U
8;06.06.25 00:00;2200;07.06.25 00:00;2200;SU
8;07.06.25 00:00;2200;08.06.25 00:00;2200;SU
8;26.06.25 00:00;2200;27.06.25 00:00;2200;O_M
8;27.06.25 00:00;2200;28.06.25 00:00;2200;O_M
8;28.06.25 00:00;2200;29.06.25 00:00;2200;O_M
8;29.06.25 00:00;2200;30.06.25 00:00;2200;O_M
9;22.06.25 00:00;2200;23.06.25 00:00;2200;O_M
10;06.06.25 00:00;2200;07.06.25 00:00;2200;O_U
10;07.06.25 00:00;2200;08.06.25 00:00;2200;U
10;08.06.25 00:00;2200;09.06.25 00:00;2200;U
10;09.06.25 00:00;2200;10.06.25 00:00;2200;U
10;10.06.25 00:00;2200;11.06.25 00:00;2200;U
10;11.06.25 00:00;2200;12.06.25 00:00;2200;U
10;12.06.25 00:00;2200;13.06.25 00:00;2200;U
10;13.06.25 00:00;2200;14.06.25 00:00;2200;U
10;14.06.25 00:00;2200;15.06.25 00:00;2200;U
10;15.06.25 00:00;2200;16.06.25 00:00;2200;U
10;16.06.25 00:00;2200;17.06.25 00:00;2200;U
10;17.06.25 00:00;2200;18.06.25 00:00;2200;U
10;18.06.25 00:00;2200;19.06.25 00:00;2200;U
10;19.06.25 00:00;2200;20.06.25 00:00;2200;U
10;20.06.25 00:00;2200;21.06.25 00:00;2200;U
10;21.06.25 00:00;2200;22.06.25 00:00;2200;O_U
10;22.06.25 00:00;2200;23.06.25 00:00;2200;O_M
10;23.06.25 00:00;2200;24.06.25 00:00;2200;O_M
11;31.05.25 00:00;2200;01.06.25 00:00;2200;U
11;01.06.25 00:00;2200;02.06.25 00:00;2200;U
11;02.06.25 00:00;2200;03.06.25 00:00;2200;U
11;03.06.25 00:00;2200;04.06.25 00:00;2200;U
11;04.06.25 00:00;2200;05.06.25 00:00;2200;O_U
11;05.06.25 00:00;2200;06.06.25 00:00;2200;O_TZ
11;06.06.25 00:00;2200;07.06.25 00:00;2200;O_TZ
11;17.06.25 00:00;2200;18.06.25 00:00;2200;O_M
11;18.06.25 00:00;2200;19.06.25 00:00;2200;O_M
11;19.06.25 00:00;2200;20.06.25 00:00;2200;O_M
11;28.06.25 00:00;2200;29.06.25 00:00;2200;U
12;20.06.25 00:00;2200;21.06.25 00:00;2200;O_L
12;21.06.25 00:00;2200;22.06.25 00:00;2200;O_L
12;22.06.25 00:00;2200;23.06.25 00:00;2200;O_M
12;23.06.25 00:00;2200;24.06.25 00:00;2200;O_M
14;13.06.25 00:00;2200;14.06.25 00:00;2200;O_M
14;14.06.25 00:00;2200;15.06.25 00:00;2200;O_M
14;15.06.25 00:00;2200;16.06.25 00:00;2200;O_M
14;16.06.25 00:00;2200;17.06.25 00:00;2200;O_M
14;20.06.25 00:00;2200;21.06.25 00:00;2200;O_U
14;21.06.25 00:00;2200;22.06.25 00:00;2200;U
14;22.06.25 00:00;2200;23.06.25 00:00;2200;U
14;23.06.25 00:00;2200;24.06.25 00:00;2200;U
14;24.06.25 00:00;2200;25.06.25 00:00;2200;U
14;25.06.25 00:00;2200;26.06.25 00:00;2200;U
14;26.06.25 00:00;2200;27.06.25 00:00;2200;U
14;27.06.25 00:00;2200;28.06.25 00:00;2200;U
14;28.06.25 00:00;2200;29.06.25 00:00;2200;U
14;29.06.25 00:00;2200;30.06.25 00:00;2200;U
14;30.06.25 00:00;2200;01.07.25 00:00;2200;U
15;31.05.25 00:00;2200;01.06.25 00:00;2200;O_L
15;01.06.25 00:00;2200;02.06.25 00:00;2200;O_M
15;02.06.25 00:00;2200;03.06.25 00:00;2200;O_M
15;13.06.25 00:00;2200;14.06.25 00:00;2200;O_L
16;04.06.25 00:00;2200;05.06.25 00:00;2200;U
16;05.06.25 00:00;2200;06.06.25 00:00;2200;U
16;06.06.25 00:00;2200;07.06.25 00:00;2200;O_U
16;07.06.25 00:00;2200;08.06.25 00:00;2200;U
16;08.06.25 00:00;2200;09.06.25 00:00;2200;U
16;09.06.25 00:00;2200;10.06.25 00:00;2200;U
16;10.06.25 00:00;2200;11.06.25 00:00;2200;U
16;11.06.25 00:00;2200;12.06.25 00:00;2200;U
16;12.06.25 00:00;2200;13.06.25 00:00;2200;U
16;13.06.25 00:00;2200;14.06.25 00:00;2200;U
16;14.06.25 00:00;2200;15.06.25 00:00;2200;O_U
16;15.06.25 00:00;2300;16.06.25 00:00;2300;O_TZ
16;16.06.25 00:00;2300;17.06.25 00:00;2300;O_TZ
16;19.06.25 00:00;2200;20.06.25 00:00;2200;O_M
16;20.06.25 00:00;2200;21.06.25 00:00;2200;O_M
16;21.06.25 00:00;2200;22.06.25 00:00;2200;O_M
19;11.06.25 00:00;2200;12.06.25 00:00;2200;O_M
19;12.06.25 00:00;2200;13.06.25 00:00;2200;O_M
19;13.06.25 00:00;2200;14.06.25 00:00;2200;U
19;14.06.25 00:00;2200;15.06.25 00:00;2200;U
19;15.06.25 00:00;2200;16.06.25 00:00;2200;U
19;16.06.25 00:00;2200;17.06.25 00:00;2200;O_L
19;17.06.25 00:00;2200;18.06.25 00:00;2200;O_L
19;18.06.25 00:00;2200;19.06.25 00:00;2200;O_L
20;31.05.25 00:00;2200;01.06.25 00:00;2200;O_U
20;06.06.25 00:00;2200;07.06.25 00:00;2200;O_M
20;12.06.25 00:00;2200;13.06.25 00:00;2200;O_M
20;13.06.25 00:00;2200;14.06.25 00:00;2200;O_M
22;31.05.25 00:00;2200;01.06.25 00:00;2200;U
22;01.06.25 00:00;2200;02.06.25 00:00;2200;U
22;02.06.25 00:00;2200;03.06.25 00:00;2200;U
22;03.06.25 00:00;2200;04.06.25 00:00;2200;U
22;04.06.25 00:00;2200;05.06.25 00:00;2200;U
22;05.06.25 00:00;2200;06.06.25 00:00;2200;U
22;06.06.25 00:00;2200;07.06.25 00:00;2200;U
22;07.06.25 00:00;2200;08.06.25 00:00;2200;O_U
22;14.06.25 00:00;2200;15.06.25 00:00;2200;O_U
22;15.06.25 00:00;2200;16.06.25 00:00;2200;U
22;16.06.25 00:00;2200;17.06.25 00:00;2200;U
22;17.06.25 00:00;2200;18.06.25 00:00;2200;U
22;18.06.25 00:00;2200;19.06.25 00:00;2200;U
22;19.06.25 00:00;2200;20.06.25 00:00;2200;U
22;20.06.25 00:00;2200;21.06.25 00:00;2200;U
22;21.06.25 00:00;2200;22.06.25 00:00;2200;U
22;22.06.25 00:00;2200;23.06.25 00:00;2200;U
22;23.06.25 00:00;2200;24.06.25 00:00;2200;O_U
23;06.06.25 00:00;2200;07.06.25 00:00;2200;O_U
23;07.06.25 00:00;2200;08.06.25 00:00;2200;U
23;08.06.25 00:00;2200;09.06.25 00:00;2200;U
23;09.06.25 00:00;2200;10.06.25 00:00;2200;U
23;10.06.25 00:00;2200;11.06.25 00:00;2200;U
23;11.06.25 00:00;2200;12.06.25 00:00;2200;U
23;12.06.25 00:00;2200;13.06.25 00:00;2200;U
23;13.06.25 00:00;2200;14.06.25 00:00;2200;U
23;14.06.25 00:00;2200;15.06.25 00:00;2200;U
23;15.06.25 00:00;2200;16.06.25 00:00;2200;U
23;16.06.25 00:00;2200;17.06.25 00:00;2200;U
23;17.06.25 00:00;2200;18.06.25 00:00;2200;U
23;18.06.25 00:00;2200;19.06.25 00:00;2200;U
23;19.06.25 00:00;2200;20.06.25 00:00;2200;U
23;20.06.25 00:00;2200;21.06.25 00:00;2200;U
23;21.06.25 00:00;2200;22.06.25 00:00;2200;O_U
24;08.06.25 00:00;2200;09.06.25 00:00;2200;O_M
24;09.06.25 00:00;2200;10.06.25 00:00;2200;O_M
24;10.06.25 00:00;2200;11.06.25 00:00;2200;O_M
24;11.06.25 00:00;2200;12.06.25 00:00;2200;O_M
26;04.06.25 00:00;2200;05.06.25 00:00;2200;U
26;05.06.25 00:00;2200;06.06.25 00:00;2200;U
26;06.06.25 00:00;2200;07.06.25 00:00;2200;U
26;07.06.25 00:00;2200;08.06.25 00:00;2200;U
26;08.06.25 00:00;2200;09.06.25 00:00;2200;U
26;09.06.25 00:00;2200;10.06.25 00:00;2200;U
28;03.06.25 00:00;2200;04.06.25 00:00;2200;U
28;04.06.25 00:00;2200;05.06.25 00:00;2200;U
28;05.06.25 00:00;2200;06.06.25 00:00;2200;U
28;06.06.25 00:00;2200;07.06.25 00:00;2200;U
28;07.06.25 00:00;2200;08.06.25 00:00;2200;U
28;08.06.25 00:00;2200;09.06.25 00:00;2200;U
29;05.06.25 00:00;2200;06.06.25 00:00;2200;O_M
35;26.06.25 00:00;2200;27.06.25 00:00;2200;O_M
35;27.06.25 00:00;2200;28.06.25 00:00;2200;O_M
35;28.06.25 00:00;2200;29.06.25 00:00;2200;O_M
35;29.06.25 00:00;2200;30.06.25 00:00;2200;O_M
36;31.05.25 00:00;2200;01.06.25 00:00;2200;O_U
36;27.06.25 00:00;2200;28.06.25 00:00;2200;O_U
36;28.06.25 00:00;2200;29.06.25 00:00;2200;U
36;29.06.25 00:00;2200;30.06.25 00:00;2200;U
36;30.06.25 00:00;2200;01.07.25 00:00;2200;U
37;13.06.25 00:00;2200;14.06.25 00:00;2200;O_U
37;14.06.25 00:00;2200;15.06.25 00:00;2200;U
37;15.06.25 00:00;2200;16.06.25 00:00;2200;U
37;16.06.25 00:00;2200;17.06.25 00:00;2200;U
37;17.06.25 00:00;2200;18.06.25 00:00;2200;U
37;18.06.25 00:00;2200;19.06.25 00:00;2200;U
37;19.06.25 00:00;2200;20.06.25 00:00;2200;U
37;20.06.25 00:00;2200;21.06.25 00:00;2200;U
37;21.06.25 00:00;2200;22.06.25 00:00;2200;U
37;22.06.25 00:00;2200;23.06.25 00:00;2200;U
37;23.06.25 00:00;2200;24.06.25 00:00;2200;U
37;24.06.25 00:00;2200;25.06.25 00:00;2200;U
37;25.06.25 00:00;2200;26.06.25 00:00;2200;U
37;26.06.25 00:00;2200;27.06.25 00:00;2200;U
37;27.06.25 00:00;2200;28.06.25 00:00;2200;U
37;28.06.25 00:00;2200;29.06.25 00:00;2200;O_U
38;18.06.25 00:00;2200;19.06.25 00:00;2200;O_M
38;19.06.25 00:00;2200;20.06.25 00:00;2200;O_L
38;20.06.25 00:00;2200;21.06.25 00:00;2200;O_L
38;21.06.25 00:00;2200;22.06.25 00:00;2200;O_L
38;22.06.25 00:00;2200;23.06.25 00:00;2200;U
38;23.06.25 00:00;2200;24.06.25 00:00;2200;U
38;24.06.25 00:00;2200;25.06.25 00:00;2200;U
38;25.06.25 00:00;2200;26.06.25 00:00;2200;U
38;26.06.25 00:00;2200;27.06.25 00:00;2200;U
38;27.06.25 00:00;2200;28.06.25 00:00;2200;U
39;31.05.25 00:00;2200;01.06.25 00:00;2200;O_M
39;29.06.25 00:00;2200;30.06.25 00:00;2200;O_L
40;06.06.25 00:00;2200;07.06.25 00:00;2200;O_L
40;07.06.25 00:00;2200;08.06.25 00:00;2200;O_L
40;14.06.25 00:00;2200;15.06.25 00:00;2200;O_M
41;13.06.25 00:00;2200;14.06.25 00:00;2200;O_M
41;20.06.25 00:00;2200;21.06.25 00:00;2200;O_M
41;27.06.25 00:00;2200;28.06.25 00:00;2200;O_M
42;31.05.25 00:00;2200;01.06.25 00:00;2200;O_U
42;08.06.25 00:00;2200;09.06.25 00:00;2200;O_M
43;27.06.25 00:00;2200;28.06.25 00:00;2200;O_M
43;28.06.25 00:00;2200;29.06.25 00:00;2200;O_M
43;29.06.25 00:00;2200;30.06.25 00:00;2200;O_M
45;31.05.25 00:00;2200;01.06.25 00:00;2200;O_U
45;01.06.25 00:00;2200;02.06.25 00:00;2200;U
45;02.06.25 00:00;2200;03.06.25 00:00;2200;U
45;03.06.25 00:00;2200;04.06.25 00:00;2200;U
45;04.06.25 00:00;2200;05.06.25 00:00;2200;U
45;05.06.25 00:00;2200;06.06.25 00:00;2200;U
45;06.06.25 00:00;2200;07.06.25 00:00;2200;U
45;07.06.25 00:00;2200;08.06.25 00:00;2200;U
45;08.06.25 00:00;2200;09.06.25 00:00;2200;U
45;09.06.25 00:00;2200;10.06.25 00:00;2200;U
45;10.06.25 00:00;2200;11.06.25 00:00;2200;U
45;11.06.25 00:00;2200;12.06.25 00:00;2200;O_U
46;13.06.25 00:00;2200;14.06.25 00:00;2200;O_M
46;14.06.25 00:00;2200;15.06.25 00:00;2200;O_M
46;24.06.25 00:00;2200;25.06.25 00:00;2200;O_M
46;27.06.25 00:00;2200;28.06.25 00:00;2200;O_U
46;28.06.25 00:00;2200;29.06.25 00:00;2200;U
46;29.06.25 00:00;2200;30.06.25 00:00;2200;U
46;30.06.25 00:00;2200;01.07.25 00:00;2200;U
48;31.05.25 00:00;2200;01.06.25 00:00;2200;U
48;01.06.25 00:00;2200;02.06.25 00:00;2200;U
48;02.06.25 00:00;2200;03.06.25 00:00;2200;U
48;03.06.25 00:00;2200;04.06.25 00:00;2200;U
48;04.06.25 00:00;2200;05.06.25 00:00;2200;U
48;05.06.25 00:00;2200;06.06.25 00:00;2200;O_L
48;06.06.25 00:00;2200;07.06.25 00:00;2200;O_L
48;07.06.25 00:00;2200;08.06.25 00:00;2200;O_L
48;08.06.25 00:00;2200;09.06.25 00:00;2200;O_L
50;06.06.25 00:00;2200;07.06.25 00:00;2200;O_L
50;07.06.25 00:00;2200;08.06.25 00:00;2200;O_L
50;08.06.25 00:00;2200;09.06.25 00:00;2200;O_L
50;09.06.25 00:00;2200;10.06.25 00:00;2200;O_L
50;19.06.25 00:00;2200;20.06.25 00:00;2200;O_TZ
50;20.06.25 00:00;2200;21.06.25 00:00;2200;O_TZ
50;22.06.25 00:00;2200;23.06.25 00:00;2200;O_M
50;28.06.25 00:00;2200;29.06.25 00:00;2200;O_M
54;31.05.25 00:00;2200;01.06.25 00:00;2200;O_U
54;01.06.25 00:00;2200;02.06.25 00:00;2200;U
54;02.06.25 00:00;2200;03.06.25 00:00;2200;U
54;03.06.25 00:00;2200;04.06.25 00:00;2200;U
54;04.06.25 00:00;2200;05.06.25 00:00;2200;U
54;05.06.25 00:00;2200;06.06.25 00:00;2200;U
54;06.06.25 00:00;2200;07.06.25 00:00;2200;U
54;07.06.25 00:00;2200;08.06.25 00:00;2200;U
54;08.06.25 00:00;2200;09.06.25 00:00;2200;U
54;09.06.25 00:00;2200;10.06.25 00:00;2200;U
54;10.06.25 00:00;2200;11.06.25 00:00;2200;U
54;11.06.25 00:00;2200;12.06.25 00:00;2200;U
54;12.06.25 00:00;2200;13.06.25 00:00;2200;U
54;13.06.25 00:00;2200;14.06.25 00:00;2200;U
54;14.06.25 00:00;2200;15.06.25 00:00;2200;U
54;15.06.25 00:00;2200;16.06.25 00:00;2200;O_U
55;12.06.25 00:00;2200;13.06.25 00:00;2200;U
55;13.06.25 00:00;2200;14.06.25 00:00;2200;U
55;14.06.25 00:00;2200;15.06.25 00:00;2200;U
57;15.06.25 00:00;2200;16.06.25 00:00;2200;O_M
58;13.06.25 00:00;2200;14.06.25 00:00;2200;O_U
58;14.06.25 00:00;2200;15.06.25 00:00;2200;U
58;15.06.25 00:00;2200;16.06.25 00:00;2200;U
58;16.06.25 00:00;2200;17.06.25 00:00;2200;U
58;17.06.25 00:00;2200;18.06.25 00:00;2200;U
58;18.06.25 00:00;2200;19.06.25 00:00;2200;U
58;19.06.25 00:00;2200;20.06.25 00:00;2200;U
58;20.06.25 00:00;2200;21.06.25 00:00;2200;U
58;21.06.25 00:00;2200;22.06.25 00:00;2200;U
58;22.06.25 00:00;2200;23.06.25 00:00;2200;U
58;23.06.25 00:00;2200;24.06.25 00:00;2200;U
58;24.06.25 00:00;2200;25.06.25 00:00;2200;U
58;25.06.25 00:00;2200;26.06.25 00:00;2200;U
58;26.06.25 00:00;2200;27.06.25 00:00;2200;U
58;27.06.25 00:00;2200;28.06.25 00:00;2200;U
58;28.06.25 00:00;2200;29.06.25 00:00;2200;O_U
63;22.06.25 00:00;2200;23.06.25 00:00;2200;O_M
63;23.06.25 00:00;2200;24.06.25 00:00;2200;O_M
64;26.06.25 00:00;2200;27.06.25 00:00;2200;O_M
64;28.06.25 00:00;2200;29.06.25 00:00;2200;O_M
65;21.06.25 00:00;2200;22.06.25 00:00;2200;O_L
68;08.06.25 00:00;2200;09.06.25 00:00;2200;O_M
68;19.06.25 00:00;2200;20.06.25 00:00;2200;O_M
68;20.06.25 00:00;2200;21.06.25 00:00;2200;O_U
68;21.06.25 00:00;2200;22.06.25 00:00;2200;U
68;22.06.25 00:00;2200;23.06.25 00:00;2200;U
68;23.06.25 00:00;2200;24.06.25 00:00;2200;U
68;24.06.25 00:00;2200;25.06.25 00:00;2200;U
68;25.06.25 00:00;2200;26.06.25 00:00;2200;U
68;26.06.25 00:00;2200;27.06.25 00:00;2200;U
68;27.06.25 00:00;2200;28.06.25 00:00;2200;U
68;28.06.25 00:00;2200;29.06.25 00:00;2200;U
68;29.06.25 00:00;2200;30.06.25 00:00;2200;U
68;30.06.25 00:00;2200;01.07.25 00:00;2200;U
69;18.06.25 00:00;2200;19.06.25 00:00;2200;O_M
69;19.06.25 00:00;2200;20.06.25 00:00;2200;U
69;20.06.25 00:00;2200;21.06.25 00:00;2200;U
69;21.06.25 00:00;2200;22.06.25 00:00;2200;U
70;31.05.25 00:00;2200;01.06.25 00:00;2200;O_M
70;06.06.25 00:00;2200;07.06.25 00:00;2200;O_U
70;07.06.25 00:00;2200;08.06.25 00:00;2200;U
70;08.06.25 00:00;2200;09.06.25 00:00;2200;U
70;09.06.25 00:00;2200;10.06.25 00:00;2200;U
70;10.06.25 00:00;2200;11.06.25 00:00;2200;U
70;11.06.25 00:00;2200;12.06.25 00:00;2200;U
70;12.06.25 00:00;2200;13.06.25 00:00;2200;U
70;13.06.25 00:00;2200;14.06.25 00:00;2200;U
70;14.06.25 00:00;2200;15.06.25 00:00;2200;U
70;15.06.25 00:00;2200;16.06.25 00:00;2200;U
70;16.06.25 00:00;2200;17.06.25 00:00;2200;U
70;17.06.25 00:00;2200;18.06.25 00:00;2200;U
70;18.06.25 00:00;2200;19.06.25 00:00;2200;U
70;19.06.25 00:00;2200;20.06.25 00:00;2200;U
70;20.06.25 00:00;2200;21.06.25 00:00;2200;U
70;21.06.25 00:00;2200;22.06.25 00:00;2200;O_U
70;27.06.25 00:00;2200;28.06.25 00:00;2200;O_TZ
70;28.06.25 00:00;2200;29.06.25 00:00;2200;O_M
72;06.06.25 00:00;2200;07.06.25 00:00;2200;O_M
72;07.06.25 00:00;2200;08.06.25 00:00;2200;O_M
72;18.06.25 00:00;2200;19.06.25 00:00;2200;O_L
72;19.06.25 00:00;2200;20.06.25 00:00;2200;O_L
72;20.06.25 00:00;2200;21.06.25 00:00;2200;O_U
72;21.06.25 00:00;2200;22.06.25 00:00;2200;U
72;22.06.25 00:00;2200;23.06.25 00:00;2200;U
72;23.06.25 00:00;2200;24.06.25 00:00;2200;U
72;24.06.25 00:00;2200;25.06.25 00:00;2200;U
72;25.06.25 00:00;2200;26.06.25 00:00;2200;U
72;26.06.25 00:00;2200;27.06.25 00:00;2200;U
72;27.06.25 00:00;2200;28.06.25 00:00;2200;U
72;28.06.25 00:00;2200;29.06.25 00:00;2200;O_U
73;01.06.25 00:00;2200;02.06.25 00:00;2200;O_M
73;10.06.25 00:00;2200;11.06.25 00:00;2200;O_M
74;07.06.25 00:00;2200;08.06.25 00:00;2200;O_M
74;08.06.25 00:00;2200;09.06.25 00:00;2200;O_M
74;09.06.25 00:00;2200;10.06.25 00:00;2200;O_M
76;14.06.25 00:00;2200;15.06.25 00:00;2200;O_M
76;19.06.25 00:00;2200;20.06.25 00:00;2200;O_L
76;20.06.25 00:00;2200;21.06.25 00:00;2200;O_L
76;26.06.25 00:00;2200;27.06.25 00:00;2200;O_M
80;31.05.25 00:00;2200;01.06.25 00:00;2200;U
80;01.06.25 00:00;2200;02.06.25 00:00;2200;U
80;02.06.25 00:00;2200;03.06.25 00:00;2200;U
80;03.06.25 00:00;2200;04.06.25 00:00;2200;U
80;04.06.25 00:00;2200;05.06.25 00:00;2200;U
80;05.06.25 00:00;2200;06.06.25 00:00;2200;U
80;06.06.25 00:00;2200;07.06.25 00:00;2200;U
80;07.06.25 00:00;2200;08.06.25 00:00;2200;U
80;08.06.25 00:00;2200;09.06.25 00:00;2200;U
80;09.06.25 00:00;2200;10.06.25 00:00;2200;U
80;10.06.25 00:00;2200;11.06.25 00:00;2200;U
80;11.06.25 00:00;2200;12.06.25 00:00;2200;U
80;12.06.25 00:00;2200;13.06.25 00:00;2200;U
80;13.06.25 00:00;2200;14.06.25 00:00;2200;U
80;14.06.25 00:00;2200;15.06.25 00:00;2200;O_U
81;05.06.25 00:00;2200;06.06.25 00:00;2200;O_M
81;06.06.25 00:00;2200;07.06.25 00:00;2200;O_M
81;07.06.25 00:00;2200;08.06.25 00:00;2200;O_M
82;26.06.25 00:00;2200;27.06.25 00:00;2200;O_L
82;27.06.25 00:00;2200;28.06.25 00:00;2200;O_L
82;28.06.25 00:00;2200;29.06.25 00:00;2200;O_L
83;24.06.25 00:00;2200;25.06.25 00:00;2200;O_L
83;25.06.25 00:00;2200;26.06.25 00:00;2200;O_L
83;26.06.25 00:00;2200;27.06.25 00:00;2200;O_L
83;27.06.25 00:00;2200;28.06.25 00:00;2200;O_U
83;28.06.25 00:00;2200;29.06.25 00:00;2200;U
83;29.06.25 00:00;2200;30.06.25 00:00;2200;U
83;30.06.25 00:00;2200;01.07.25 00:00;2200;U
84;12.06.25 00:00;2200;13.06.25 00:00;2200;O_M
84;15.06.25 00:00;2200;16.06.25 00:00;2200;O_M
86;06.06.25 00:00;2200;07.06.25 00:00;2200;O_L
86;07.06.25 00:00;2200;08.06.25 00:00;2200;O_L
86;13.06.25 00:00;2200;14.06.25 00:00;2200;O_U
86;14.06.25 00:00;2200;15.06.25 00:00;2200;U
86;15.06.25 00:00;2200;16.06.25 00:00;2200;U
86;16.06.25 00:00;2200;17.06.25 00:00;2200;U
86;17.06.25 00:00;2200;18.06.25 00:00;2200;U
86;18.06.25 00:00;2200;19.06.25 00:00;2200;U
86;19.06.25 00:00;2200;20.06.25 00:00;2200;U
86;20.06.25 00:00;2200;21.06.25 00:00;2200;U
86;21.06.25 00:00;2200;22.06.25 00:00;2200;O_U
88;06.06.25 00:00;2200;07.06.25 00:00;2200;O_U
88;07.06.25 00:00;2200;08.06.25 00:00;2200;U
88;08.06.25 00:00;2200;09.06.25 00:00;2200;U
88;09.06.25 00:00;2200;10.06.25 00:00;2200;U
88;10.06.25 00:00;2200;11.06.25 00:00;2200;U
88;11.06.25 00:00;2200;12.06.25 00:00;2200;U
88;12.06.25 00:00;2200;13.06.25 00:00;2200;U
88;13.06.25 00:00;2200;14.06.25 00:00;2200;U
88;14.06.25 00:00;2200;15.06.25 00:00;2200;U
88;15.06.25 00:00;2200;16.06.25 00:00;2200;U
88;16.06.25 00:00;2200;17.06.25 00:00;2200;U
88;17.06.25 00:00;2200;18.06.25 00:00;2200;U
88;18.06.25 00:00;2200;19.06.25 00:00;2200;U
88;19.06.25 00:00;2200;20.06.25 00:00;2200;U
88;20.06.25 00:00;2200;21.06.25 00:00;2200;U
88;21.06.25 00:00;2200;22.06.25 00:00;2200;O_U
89;08.06.25 00:00;2200;09.06.25 00:00;2200;O_M
89;09.06.25 00:00;2200;10.06.25 00:00;2200;O_M
89;10.06.25 00:00;2200;11.06.25 00:00;2200;O_M
89;13.06.25 00:00;2200;14.06.25 00:00;2200;O_TZ
89;14.06.25 00:00;2200;15.06.25 00:00;2200;O_TZ
89;15.06.25 00:00;2200;16.06.25 00:00;2200;O_TZ
89;16.06.25 00:00;2200;17.06.25 00:00;2200;O_TZ
92;03.06.25 00:00;2200;04.06.25 00:00;2200;O_M
92;04.06.25 00:00;2200;05.06.25 00:00;2200;U
92;05.06.25 00:00;2200;06.06.25 00:00;2200;U
92;06.06.25 00:00;2200;07.06.25 00:00;2200;U
92;07.06.25 00:00;2200;08.06.25 00:00;2200;U
92;08.06.25 00:00;2200;09.06.25 00:00;2200;U
92;13.06.25 00:00;2200;14.06.25 00:00;2200;O_L
92;26.06.25 00:00;2200;27.06.25 00:00;2200;O_M
93;21.06.25 00:00;2200;22.06.25 00:00;2200;O_U
93;22.06.25 00:00;2200;23.06.25 00:00;2200;U
93;23.06.25 00:00;2200;24.06.25 00:00;2200;U
93;24.06.25 00:00;2200;25.06.25 00:00;2200;U
93;25.06.25 00:00;2200;26.06.25 00:00;2200;U
93;26.06.25 00:00;2200;27.06.25 00:00;2200;U
93;27.06.25 00:00;2200;28.06.25 00:00;2200;U
93;28.06.25 00:00;2200;29.06.25 00:00;2200;U
93;29.06.25 00:00;2200;30.06.25 00:00;2200;U
93;30.06.25 00:00;2200;01.07.25 00:00;2200;O_U
94;15.06.25 00:00;2200;16.06.25 00:00;2200;O_M
97;31.05.25 00:00;2200;01.06.25 00:00;2200;U
97;01.06.25 00:00;2200;02.06.25 00:00;2200;U
97;02.06.25 00:00;2200;03.06.25 00:00;2200;U
97;03.06.25 00:00;2200;04.06.25 00:00;2200;U
97;04.06.25 00:00;2200;05.06.25 00:00;2200;U
97;05.06.25 00:00;2200;06.06.25 00:00;2200;U
97;06.06.25 00:00;2200;07.06.25 00:00;2200;U
97;07.06.25 00:00;2200;08.06.25 00:00;2200;U
97;08.06.25 00:00;2200;09.06.25 00:00;2200;U
97;09.06.25 00:00;2200;10.06.25 00:00;2200;U
97;10.06.25 00:00;2200;11.06.25 00:00;2200;U
97;11.06.25 00:00;2200;12.06.25 00:00;2200;U
97;12.06.25 00:00;2200;13.06.25 00:00;2200;U
97;13.06.25 00:00;2200;14.06.25 00:00;2200;U
97;14.06.25 00:00;2200;15.06.25 00:00;2200;O_U
98;06.06.25 00:00;2200;07.06.25 00:00;2200;O_M
98;11.06.25 00:00;2200;12.06.25 00:00;2200;O_M
98;12.06.25 00:00;2200;13.06.25 00:00;2200;O_M
98;13.06.25 00:00;2200;14.06.25 00:00;2200;O_U
98;14.06.25 00:00;2200;15.06.25 00:00;2200;U
98;15.06.25 00:00;2200;16.06.25 00:00;2200;U
98;16.06.25 00:00;2200;17.06.25 00:00;2200;U
98;17.06.25 00:00;2200;18.06.25 00:00;2200;U
98;18.06.25 00:00;2200;19.06.25 00:00;2200;U
98;19.06.25 00:00;2200;20.06.25 00:00;2200;U
98;20.06.25 00:00;2200;21.06.25 00:00;2200;U
98;21.06.25 00:00;2200;22.06.25 00:00;2200;U
98;22.06.25 00:00;2200;23.06.25 00:00;2200;U
98;23.06.25 00:00;2200;24.06.25 00:00;2200;U
98;24.06.25 00:00;2200;25.06.25 00:00;2200;U
98;25.06.25 00:00;2200;26.06.25 00:00;2200;U
98;26.06.25 00:00;2200;27.06.25 00:00;2200;U
98;27.06.25 00:00;2200;28.06.25 00:00;2200;U
98;28.06.25 00:00;2200;29.06.25 00:00;2200;O_U
101;31.05.25 00:00;2200;01.06.25 00:00;2200;O_L
101;01.06.25 00:00;2200;02.06.25 00:00;2200;O_L
101;15.06.25 00:00;2200;16.06.25 00:00;2200;O_M
101;16.06.25 00:00;2200;17.06.25 00:00;2200;O_M
101;17.06.25 00:00;2200;18.06.25 00:00;2200;O_M
101;18.06.25 00:00;2200;19.06.25 00:00;2200;O_M
104;06.06.25 00:00;2200;07.06.25 00:00;2200;O_M
104;07.06.25 00:00;2200;08.06.25 00:00;2200;O_M
104;08.06.25 00:00;2200;09.06.25 00:00;2200;O_M
104;13.06.25 00:00;2200;14.06.25 00:00;2200;O_U
104;14.06.25 00:00;2200;15.06.25 00:00;2200;U
104;15.06.25 00:00;2200;16.06.25 00:00;2200;U
104;16.06.25 00:00;2200;17.06.25 00:00;2200;U
104;17.06.25 00:00;2200;18.06.25 00:00;2200;U
104;18.06.25 00:00;2200;19.06.25 00:00;2200;U
104;19.06.25 00:00;2200;20.06.25 00:00;2200;U
104;20.06.25 00:00;2200;21.06.25 00:00;2200;U
104;21.06.25 00:00;2200;22.06.25 00:00;2200;U
104;22.06.25 00:00;2200;23.06.25 00:00;2200;U
104;23.06.25 00:00;2200;24.06.25 00:00;2200;U
104;24.06.25 00:00;2200;25.06.25 00:00;2200;U
104;25.06.25 00:00;2200;26.06.25 00:00;2200;U
104;26.06.25 00:00;2200;27.06.25 00:00;2200;U
104;27.06.25 00:00;2200;28.06.25 00:00;2200;U
104;28.06.25 00:00;2200;29.06.25 00:00;2200;O_U
104;29.06.25 00:00;2200;30.06.25 00:00;2200;O_L
115;26.06.25 00:00;2200;27.06.25 00:00;2200;O_L
115;27.06.25 00:00;2200;28.06.25 00:00;2200;O_L
115;28.06.25 00:00;2200;29.06.25 00:00;2200;O_L
116;06.06.25 00:00;2200;07.06.25 00:00;2200;U
116;07.06.25 00:00;2200;08.06.25 00:00;2200;U
116;08.06.25 00:00;2200;09.06.25 00:00;2200;U
116;09.06.25 00:00;2200;10.06.25 00:00;2200;U
116;10.06.25 00:00;2200;11.06.25 00:00;2200;U
116;11.06.25 00:00;2200;12.06.25 00:00;2200;U
119;23.06.25 00:00;2200;24.06.25 00:00;2200;O_L
119;24.06.25 00:00;2200;25.06.25 00:00;2200;O_L
119;25.06.25 00:00;2200;26.06.25 00:00;2200;O_L
119;26.06.25 00:00;2200;27.06.25 00:00;2200;O_M
119;27.06.25 00:00;2200;28.06.25 00:00;2200;O_U
119;28.06.25 00:00;2200;29.06.25 00:00;2200;U
119;29.06.25 00:00;2200;30.06.25 00:00;2200;U
119;30.06.25 00:00;2200;01.07.25 00:00;2200;U
120;01.06.25 00:00;2200;02.06.25 00:00;2200;O_L
120;02.06.25 00:00;2200;03.06.25 00:00;2200;O_L
120;03.06.25 00:00;2200;04.06.25 00:00;2200;O_M
122;06.06.25 00:00;2200;07.06.25 00:00;2200;O_M
122;07.06.25 00:00;2200;08.06.25 00:00;2200;O_M
122;20.06.25 00:00;2200;21.06.25 00:00;2200;O_L
123;31.05.25 00:00;2200;01.06.25 00:00;2200;U
123;01.06.25 00:00;2200;02.06.25 00:00;2200;U
123;02.06.25 00:00;2200;03.06.25 00:00;2200;U
123;03.06.25 00:00;2200;04.06.25 00:00;2200;U
123;04.06.25 00:00;2200;05.06.25 00:00;2200;U
123;05.06.25 00:00;2200;06.06.25 00:00;2200;U
123;06.06.25 00:00;2200;07.06.25 00:00;2200;U
123;07.06.25 00:00;2200;08.06.25 00:00;2200;O_U
123;19.06.25 00:00;2200;20.06.25 00:00;2200;O_M
123;20.06.25 00:00;2200;21.06.25 00:00;2200;O_M
123;21.06.25 00:00;2200;22.06.25 00:00;2200;O_M
123;26.06.25 00:00;2200;27.06.25 00:00;2200;O_TZ
123;27.06.25 00:00;2200;28.06.25 00:00;2200;O_TZ
123;28.06.25 00:00;2200;29.06.25 00:00;2200;O_TZ
123;29.06.25 00:00;2200;30.06.25 00:00;2200;O_TZ
126;01.06.25 00:00;2200;02.06.25 00:00;2200;O_L
126;02.06.25 00:00;2200;03.06.25 00:00;2200;O_L
126;03.06.25 00:00;2200;04.06.25 00:00;2200;O_M
127;27.06.25 00:00;2200;28.06.25 00:00;2200;O_U
127;28.06.25 00:00;2200;29.06.25 00:00;2200;U
127;29.06.25 00:00;2200;30.06.25 00:00;2200;U
127;30.06.25 00:00;2200;01.07.25 00:00;2200;U
130;06.06.25 00:00;2200;07.06.25 00:00;2200;O_M
130;07.06.25 00:00;2200;08.06.25 00:00;2200;O_M
130;09.06.25 00:00;2200;10.06.25 00:00;2200;O_TZ
130;10.06.25 00:00;2200;11.06.25 00:00;2200;O_TZ
131;05.06.25 00:00;2200;06.06.25 00:00;2200;O_M
131;19.06.25 00:00;2200;20.06.25 00:00;2200;O_L
131;20.06.25 00:00;2200;21.06.25 00:00;2200;O_L
132;11.06.25 00:00;2200;12.06.25 00:00;2200;O_M
132;12.06.25 00:00;2200;13.06.25 00:00;2200;O_M
132;13.06.25 00:00;2200;14.06.25 00:00;2200;O_M
132;14.06.25 00:00;2200;15.06.25 00:00;2200;O_M
133;14.06.25 00:00;2200;15.06.25 00:00;2200;O_TZ
133;15.06.25 00:00;2200;16.06.25 00:00;2200;O_TZ
133;20.06.25 00:00;2200;21.06.25 00:00;2200;O_U
133;21.06.25 00:00;2200;22.06.25 00:00;2200;U
133;22.06.25 00:00;2200;23.06.25 00:00;2200;U
133;23.06.25 00:00;2200;24.06.25 00:00;2200;U
133;24.06.25 00:00;2200;25.06.25 00:00;2200;U
133;25.06.25 00:00;2200;26.06.25 00:00;2200;U
133;26.06.25 00:00;2200;27.06.25 00:00;2200;U
133;27.06.25 00:00;2200;28.06.25 00:00;2200;U
133;28.06.25 00:00;2200;29.06.25 00:00;2200;U
133;29.06.25 00:00;2200;30.06.25 00:00;2200;U
133;30.06.25 00:00;2200;01.07.25 00:00;2200;U
134;06.06.25 00:00;2200;07.06.25 00:00;2200;O_U
134;07.06.25 00:00;2200;08.06.25 00:00;2200;U
134;08.06.25 00:00;2200;09.06.25 00:00;2200;U
134;09.06.25 00:00;2200;10.06.25 00:00;2200;U
134;10.06.25 00:00;2200;11.06.25 00:00;2200;U
134;11.06.25 00:00;2200;12.06.25 00:00;2200;U
134;12.06.25 00:00;2200;13.06.25 00:00;2200;U
134;13.06.25 00:00;2200;14.06.25 00:00;2200;U
134;14.06.25 00:00;2200;15.06.25 00:00;2200;U
134;15.06.25 00:00;2200;16.06.25 00:00;2200;U
134;16.06.25 00:00;2200;17.06.25 00:00;2200;U
134;17.06.25 00:00;2200;18.06.25 00:00;2200;U
134;18.06.25 00:00;2200;19.06.25 00:00;2200;U
134;19.06.25 00:00;2200;20.06.25 00:00;2200;U
134;20.06.25 00:00;2200;21.06.25 00:00;2200;U
134;21.06.25 00:00;2200;22.06.25 00:00;2200;O_U
135;19.06.25 00:00;2200;20.06.25 00:00;2200;O_M
136;08.06.25 00:00;2200;09.06.25 00:00;2200;O_L
136;09.06.25 00:00;2200;10.06.25 00:00;2200;O_M
136;20.06.25 00:00;2200;21.06.25 00:00;2200;O_U
136;21.06.25 00:00;2200;22.06.25 00:00;2200;U
136;22.06.25 00:00;2200;23.06.25 00:00;2200;U
136;23.06.25 00:00;2200;24.06.25 00:00;2200;U
136;24.06.25 00:00;2200;25.06.25 00:00;2200;U
136;25.06.25 00:00;2200;26.06.25 00:00;2200;U
136;26.06.25 00:00;2200;27.06.25 00:00;2200;U
136;27.06.25 00:00;2200;28.06.25 00:00;2200;U
136;28.06.25 00:00;2200;29.06.25 00:00;2200;U
136;29.06.25 00:00;2200;30.06.25 00:00;2200;U
136;30.06.25 00:00;2200;01.07.25 00:00;2200;U
137;31.05.25 00:00;2200;01.06.25 00:00;2200;U
137;01.06.25 00:00;2200;02.06.25 00:00;2200;U
137;13.06.25 00:00;2200;14.06.25 00:00;2200;U
137;14.06.25 00:00;2200;15.06.25 00:00;2200;U
137;27.06.25 00:00;2200;28.06.25 00:00;2200;O_L
137;28.06.25 00:00;2200;29.06.25 00:00;2200;O_M
138;31.05.25 00:00;2200;01.06.25 00:00;2200;O_TZ
138;20.06.25 00:00;2200;21.06.25 00:00;2200;O_TZ
138;21.06.25 00:00;2200;22.06.25 00:00;2200;O_TZ
138;28.06.25 00:00;2200;29.06.25 00:00;2200;O_TZ
139;31.05.25 00:00;2200;01.06.25 00:00;2200;O_L
139;05.06.25 00:00;2200;06.06.25 00:00;2200;O_M
139;06.06.25 00:00;2200;07.06.25 00:00;2200;O_M
139;07.06.25 00:00;2200;08.06.25 00:00;2200;O_M
139;08.06.25 00:00;2200;09.06.25 00:00;2200;O_M
139;17.06.25 00:00;2200;18.06.25 00:00;2200;O_TZ
139;18.06.25 00:00;2200;19.06.25 00:00;2200;O_TZ
139;19.06.25 00:00;2200;20.06.25 00:00;2200;O_TZ
139;20.06.25 00:00;2200;21.06.25 00:00;2200;O_U
139;21.06.25 00:00;2200;22.06.25 00:00;2200;U
139;22.06.25 00:00;2200;23.06.25 00:00;2200;U
139;23.06.25 00:00;2200;24.06.25 00:00;2200;U
139;24.06.25 00:00;2200;25.06.25 00:00;2200;U
139;25.06.25 00:00;2200;26.06.25 00:00;2200;U
139;26.06.25 00:00;2200;27.06.25 00:00;2200;U
139;27.06.25 00:00;2200;28.06.25 00:00;2200;U
139;28.06.25 00:00;2200;29.06.25 00:00;2200;U
139;29.06.25 00:00;2200;30.06.25 00:00;2200;U
139;30.06.25 00:00;2200;01.07.25 00:00;2200;U
140;31.05.25 00:00;2200;01.06.25 00:00;2200;O_M
140;12.06.25 00:00;2200;13.06.25 00:00;2200;O_L
140;13.06.25 00:00;2200;14.06.25 00:00;2200;O_L
140;14.06.25 00:00;2200;15.06.25 00:00;2200;O_M
140;15.06.25 00:00;2200;16.06.25 00:00;2200;O_M
141;07.06.25 00:00;2200;08.06.25 00:00;2200;O_TZ
141;08.06.25 00:00;2200;09.06.25 00:00;2200;O_TZ
141;09.06.25 00:00;2200;10.06.25 00:00;2200;O_M
141;10.06.25 00:00;2200;11.06.25 00:00;2200;O_M
141;11.06.25 00:00;2200;12.06.25 00:00;2200;O_M
141;12.06.25 00:00;2200;13.06.25 00:00;2200;O_M
144;15.06.25 00:00;2200;16.06.25 00:00;2200;O_M
148;09.06.25 00:00;2200;10.06.25 00:00;2200;O_M
153;31.05.25 00:00;2200;01.06.25 00:00;2200;U
153;01.06.25 00:00;2200;02.06.25 00:00;2200;U
153;02.06.25 00:00;2200;03.06.25 00:00;2200;U
153;03.06.25 00:00;2200;04.06.25 00:00;2200;U
153;04.06.25 00:00;2200;05.06.25 00:00;2200;U
153;05.06.25 00:00;2200;06.06.25 00:00;2200;U
153;06.06.25 00:00;2200;07.06.25 00:00;2200;U
153;07.06.25 00:00;2200;08.06.25 00:00;2200;O_U
155;31.05.25 00:00;2200;01.06.25 00:00;2200;O_TZ
155;01.06.25 00:00;2200;02.06.25 00:00;2200;O_TZ
155;02.06.25 00:00;2200;03.06.25 00:00;2200;O_TZ
155;12.06.25 00:00;2200;13.06.25 00:00;2200;O_M
155;13.06.25 00:00;2200;14.06.25 00:00;2200;O_M
155;14.06.25 00:00;2200;15.06.25 00:00;2200;O_M
155;15.06.25 00:00;2200;16.06.25 00:00;2200;O_M
161;03.06.25 00:00;2200;04.06.25 00:00;2200;O_L
161;04.06.25 00:00;2200;05.06.25 00:00;2200;O_L
164;31.05.25 00:00;2200;01.06.25 00:00;2200;O_U
164;09.06.25 00:00;2200;10.06.25 00:00;2200;O_M
165;12.06.25 00:00;2200;13.06.25 00:00;2200;O_M
165;13.06.25 00:00;2200;14.06.25 00:00;2200;O_M
165;14.06.25 00:00;2200;15.06.25 00:00;2200;O_M
170;18.06.25 00:00;2200;19.06.25 00:00;2200;O_L
170;19.06.25 00:00;2200;20.06.25 00:00;2200;O_L
170;20.06.25 00:00;2200;21.06.25 00:00;2200;O_L
170;21.06.25 00:00;2200;22.06.25 00:00;2200;O_L
172;29.06.25 00:00;2200;30.06.25 00:00;2200;O_L
173;25.06.25 00:00;2200;26.06.25 00:00;2200;O_M
173;26.06.25 00:00;2200;27.06.25 00:00;2200;O_M
173;28.06.25 00:00;2200;29.06.25 00:00;2200;O_M
173;29.06.25 00:00;2200;30.06.25 00:00;2200;O_U
173;30.06.25 00:00;2200;01.07.25 00:00;2200;U
175;08.06.25 00:00;2200;09.06.25 00:00;2200;U
175;09.06.25 00:00;2200;10.06.25 00:00;2200;U
175;10.06.25 00:00;2200;11.06.25 00:00;2200;U
175;11.06.25 00:00;2200;12.06.25 00:00;2200;U
175;12.06.25 00:00;2200;13.06.25 00:00;2200;U
175;13.06.25 00:00;2200;14.06.25 00:00;2200;U
175;19.06.25 00:00;2200;20.06.25 00:00;2200;O_L
175;20.06.25 00:00;2200;21.06.25 00:00;2200;O_L
175;21.06.25 00:00;2200;22.06.25 00:00;2200;O_L
176;31.05.25 00:00;2200;01.06.25 00:00;2200;O_L
176;22.06.25 00:00;2200;23.06.25 00:00;2200;O_U
176;23.06.25 00:00;2200;24.06.25 00:00;2200;U
176;24.06.25 00:00;2200;25.06.25 00:00;2200;U
176;25.06.25 00:00;2200;26.06.25 00:00;2200;U
176;26.06.25 00:00;2200;27.06.25 00:00;2200;U
176;27.06.25 00:00;2200;28.06.25 00:00;2200;U
176;28.06.25 00:00;2200;29.06.25 00:00;2200;U
176;29.06.25 00:00;2200;30.06.25 00:00;2200;U
176;30.06.25 00:00;2200;01.07.25 00:00;2200;O_U
177;06.06.25 00:00;2200;07.06.25 00:00;2200;O_U
177;07.06.25 00:00;2200;08.06.25 00:00;2200;U
177;08.06.25 00:00;2200;09.06.25 00:00;2200;U
177;09.06.25 00:00;2200;10.06.25 00:00;2200;U
177;10.06.25 00:00;2200;11.06.25 00:00;2200;U
177;11.06.25 00:00;2200;12.06.25 00:00;2200;U
177;12.06.25 00:00;2200;13.06.25 00:00;2200;U
177;13.06.25 00:00;2200;14.06.25 00:00;2200;U
177;14.06.25 00:00;2200;15.06.25 00:00;2200;O_U
177;15.06.25 00:00;2200;16.06.25 00:00;2200;O_M
177;20.06.25 00:00;2200;21.06.25 00:00;2200;O_M
177;21.06.25 00:00;2200;22.06.25 00:00;2200;O_M
177;26.06.25 00:00;2200;27.06.25 00:00;2200;U
177;27.06.25 00:00;2200;28.06.25 00:00;2200;O_TZ
177;28.06.25 00:00;2200;29.06.25 00:00;2200;O_TZ
178;08.06.25 00:00;2200;09.06.25 00:00;2200;O_M
178;09.06.25 00:00;2200;10.06.25 00:00;2200;O_M
181;31.05.25 00:00;2200;01.06.25 00:00;2200;O_M
181;01.06.25 00:00;2200;02.06.25 00:00;2200;O_M
181;28.06.25 00:00;2200;29.06.25 00:00;2200;O_M
181;29.06.25 00:00;2200;30.06.25 00:00;2200;O_M
182;06.06.25 00:00;2200;07.06.25 00:00;2200;O_M
182;07.06.25 00:00;2200;08.06.25 00:00;2200;O_M
183;25.06.25 00:00;2200;26.06.25 00:00;2200;O_M
187;06.06.25 00:00;2200;07.06.25 00:00;2200;O_TZ
187;07.06.25 00:00;2200;08.06.25 00:00;2200;O_TZ
187;12.06.25 00:00;2200;13.06.25 00:00;2200;O_M
187;13.06.25 00:00;2200;14.06.25 00:00;2200;O_U
187;14.06.25 00:00;2200;15.06.25 00:00;2200;U
187;15.06.25 00:00;2200;16.06.25 00:00;2200;U
187;16.06.25 00:00;2200;17.06.25 00:00;2200;U
187;17.06.25 00:00;2200;18.06.25 00:00;2200;U
187;18.06.25 00:00;2200;19.06.25 00:00;2200;U
187;19.06.25 00:00;2200;20.06.25 00:00;2200;U
187;20.06.25 00:00;2200;21.06.25 00:00;2200;U
187;21.06.25 00:00;2200;22.06.25 00:00;2200;U
187;22.06.25 00:00;2200;23.06.25 00:00;2200;U
187;23.06.25 00:00;2200;24.06.25 00:00;2200;U
187;24.06.25 00:00;2200;25.06.25 00:00;2200;U
187;25.06.25 00:00;2200;26.06.25 00:00;2200;U
187;26.06.25 00:00;2200;27.06.25 00:00;2200;U
187;27.06.25 00:00;2200;28.06.25 00:00;2200;U
187;28.06.25 00:00;2200;29.06.25 00:00;2200;U
187;29.06.25 00:00;2200;30.06.25 00:00;2200;U
187;30.06.25 00:00;2200;01.07.25 00:00;2200;U
189;18.06.25 00:00;2200;19.06.25 00:00;2200;O_M
191;16.06.25 00:00;2200;17.06.25 00:00;2200;O_U
191;17.06.25 00:00;2200;18.06.25 00:00;2200;U
191;18.06.25 00:00;2200;19.06.25 00:00;2200;U
191;19.06.25 00:00;2200;20.06.25 00:00;2200;U
191;20.06.25 00:00;2200;21.06.25 00:00;2200;U
191;21.06.25 00:00;2200;22.06.25 00:00;2200;U
191;22.06.25 00:00;2200;23.06.25 00:00;2200;U
191;23.06.25 00:00;2200;24.06.25 00:00;2200;U
191;24.06.25 00:00;2200;25.06.25 00:00;2200;U
191;25.06.25 00:00;2200;26.06.25 00:00;2200;U
191;26.06.25 00:00;2200;27.06.25 00:00;2200;U
191;27.06.25 00:00;2200;28.06.25 00:00;2200;O_U
192;31.05.25 00:00;2200;01.06.25 00:00;2200;O_U
193;15.06.25 00:00;2200;16.06.25 00:00;2200;O_M
197;05.06.25 00:00;2200;06.06.25 00:00;2200;O_M
197;06.06.25 00:00;2200;07.06.25 00:00;2200;O_M
197;27.06.25 00:00;2200;28.06.25 00:00;2200;O_M
198;31.05.25 00:00;2200;01.06.25 00:00;2200;U
198;01.06.25 00:00;2200;02.06.25 00:00;2200;U
198;02.06.25 00:00;2200;03.06.25 00:00;2200;U
198;03.06.25 00:00;2200;04.06.25 00:00;2200;U
198;04.06.25 00:00;2200;05.06.25 00:00;2200;U
198;05.06.25 00:00;2200;06.06.25 00:00;2200;U
198;06.06.25 00:00;2200;07.06.25 00:00;2200;U
198;07.06.25 00:00;2200;08.06.25 00:00;2200;O_U
198;08.06.25 00:00;2200;09.06.25 00:00;2200;O_M
198;27.06.25 00:00;2200;28.06.25 00:00;2200;O_M
199;14.06.25 00:00;2200;15.06.25 00:00;2200;O_M
200;20.06.25 00:00;2200;21.06.25 00:00;2200;O_U
200;21.06.25 00:00;2200;22.06.25 00:00;2200;U
200;22.06.25 00:00;2200;23.06.25 00:00;2200;U
200;23.06.25 00:00;2200;24.06.25 00:00;2200;U
200;24.06.25 00:00;2200;25.06.25 00:00;2200;U
200;25.06.25 00:00;2200;26.06.25 00:00;2200;U
200;26.06.25 00:00;2200;27.06.25 00:00;2200;U
200;27.06.25 00:00;2200;28.06.25 00:00;2200;U
200;28.06.25 00:00;2200;29.06.25 00:00;2200;U
200;29.06.25 00:00;2200;30.06.25 00:00;2200;U
200;30.06.25 00:00;2200;01.07.25 00:00;2200;U
208;31.05.25 00:00;2200;01.06.25 00:00;2200;U
208;01.06.25 00:00;2200;02.06.25 00:00;2200;U
208;02.06.25 00:00;2200;03.06.25 00:00;2200;U
208;03.06.25 00:00;2200;04.06.25 00:00;2200;U
208;04.06.25 00:00;2200;05.06.25 00:00;2200;U
208;05.06.25 00:00;2200;06.06.25 00:00;2200;U
208;06.06.25 00:00;2200;07.06.25 00:00;2200;U
208;07.06.25 00:00;2200;08.06.25 00:00;2200;U
208;08.06.25 00:00;2200;09.06.25 00:00;2200;U
208;09.06.25 00:00;2200;10.06.25 00:00;2200;U
208;10.06.25 00:00;2200;11.06.25 00:00;2200;U
208;11.06.25 00:00;2200;12.06.25 00:00;2200;U
208;12.06.25 00:00;2200;13.06.25 00:00;2200;U
208;13.06.25 00:00;2200;14.06.25 00:00;2200;U
208;14.06.25 00:00;2200;15.06.25 00:00;2200;U
208;15.06.25 00:00;2200;16.06.25 00:00;2200;U
208;16.06.25 00:00;2200;17.06.25 00:00;2200;U
208;17.06.25 00:00;2200;18.06.25 00:00;2200;U
208;18.06.25 00:00;2200;19.06.25 00:00;2200;U
208;19.06.25 00:00;2200;20.06.25 00:00;2200;U
208;20.06.25 00:00;2200;21.06.25 00:00;2200;U
208;21.06.25 00:00;2200;22.06.25 00:00;2200;O_U
245;31.05.25 00:00;2200;01.06.25 00:00;2200;U
245;01.06.25 00:00;2200;02.06.25 00:00;2200;U
245;02.06.25 00:00;2200;03.06.25 00:00;2200;U
245;03.06.25 00:00;2200;04.06.25 00:00;2200;U
245;04.06.25 00:00;2200;05.06.25 00:00;2200;U
245;05.06.25 00:00;2200;06.06.25 00:00;2200;U
245;06.06.25 00:00;2200;07.06.25 00:00;2200;U
245;07.06.25 00:00;2200;08.06.25 00:00;2200;O_U
245;11.06.25 00:00;2200;12.06.25 00:00;2200;O_M
248;04.06.25 00:00;2200;05.06.25 00:00;2200;O_M
248;05.06.25 00:00;2200;06.06.25 00:00;2200;O_M
250;01.06.25 00:00;2200;02.06.25 00:00;2200;O_TZ
250;02.06.25 00:00;2200;03.06.25 00:00;2200;O_TZ
250;15.06.25 00:00;2200;16.06.25 00:00;2200;O_M
250;16.06.25 00:00;2200;17.06.25 00:00;2200;O_M
250;22.06.25 00:00;2200;23.06.25 00:00;2200;O_TZ
250;23.06.25 00:00;2200;24.06.25 00:00;2200;O_TZ
250;24.06.25 00:00;2200;25.06.25 00:00;2200;O_TZ
250;30.06.25 00:00;2300;01.07.25 00:00;2300;O_TZ
251;31.05.25 00:00;2200;01.06.25 00:00;2200;U
251;01.06.25 00:00;2200;02.06.25 00:00;2200;U
251;02.06.25 00:00;2200;03.06.25 00:00;2200;U
251;03.06.25 00:00;2200;04.06.25 00:00;2200;U
251;04.06.25 00:00;2200;05.06.25 00:00;2200;U
251;05.06.25 00:00;2200;06.06.25 00:00;2200;U
251;06.06.25 00:00;2200;07.06.25 00:00;2200;U
251;07.06.25 00:00;2200;08.06.25 00:00;2200;O_U
251;14.06.25 00:00;2200;15.06.25 00:00;2200;O_M
251;30.06.25 00:00;2200;01.07.25 00:00;2200;O_L
262;19.06.25 00:00;2200;20.06.25 00:00;2200;O_M
262;21.06.25 00:00;2200;22.06.25 00:00;2200;O_M
262;22.06.25 00:00;2200;23.06.25 00:00;2200;O_M
267;31.05.25 00:00;2200;01.06.25 00:00;2200;O_M
267;25.06.25 00:00;2200;26.06.25 00:00;2200;O_M
267;26.06.25 00:00;2200;27.06.25 00:00;2200;O_M
270;04.06.25 00:00;2200;05.06.25 00:00;2200;O_M
270;05.06.25 00:00;2200;06.06.25 00:00;2200;O_M
271;20.06.25 00:00;2200;21.06.25 00:00;2200;O_U
271;21.06.25 00:00;2200;22.06.25 00:00;2200;U
271;22.06.25 00:00;2200;23.06.25 00:00;2200;U
271;23.06.25 00:00;2200;24.06.25 00:00;2200;U
271;24.06.25 00:00;2200;25.06.25 00:00;2200;U
271;25.06.25 00:00;2200;26.06.25 00:00;2200;U
271;26.06.25 00:00;2200;27.06.25 00:00;2200;U
271;27.06.25 00:00;2200;28.06.25 00:00;2200;U
271;28.06.25 00:00;2200;29.06.25 00:00;2200;U
271;29.06.25 00:00;2200;30.06.25 00:00;2200;U
271;30.06.25 00:00;2200;01.07.25 00:00;2200;U
276;26.06.25 00:00;2200;27.06.25 00:00;2200;O_M
276;28.06.25 00:00;2200;29.06.25 00:00;2200;O_M
276;29.06.25 00:00;2200;30.06.25 00:00;2200;O_M
280;31.05.25 00:00;2200;01.06.25 00:00;2200;O_TZ
280;06.06.25 00:00;2200;07.06.25 00:00;2200;O_U
280;07.06.25 00:00;2200;08.06.25 00:00;2200;U
280;08.06.25 00:00;2200;09.06.25 00:00;2200;U
280;09.06.25 00:00;2200;10.06.25 00:00;2200;U
280;10.06.25 00:00;2200;11.06.25 00:00;2200;U
280;11.06.25 00:00;2200;12.06.25 00:00;2200;U
280;12.06.25 00:00;2200;13.06.25 00:00;2200;U
280;13.06.25 00:00;2200;14.06.25 00:00;2200;U
280;14.06.25 00:00;2200;15.06.25 00:00;2200;U
280;15.06.25 00:00;2200;16.06.25 00:00;2200;U
280;16.06.25 00:00;2200;17.06.25 00:00;2200;U
280;17.06.25 00:00;2200;18.06.25 00:00;2200;U
280;18.06.25 00:00;2200;19.06.25 00:00;2200;U
280;19.06.25 00:00;2200;20.06.25 00:00;2200;U
280;20.06.25 00:00;2200;21.06.25 00:00;2200;U
280;21.06.25 00:00;2200;22.06.25 00:00;2200;O_U
280;26.06.25 00:00;2200;27.06.25 00:00;2200;O_TZ
280;28.06.25 00:00;2200;29.06.25 00:00;2200;O_TZ
280;29.06.25 00:00;2200;30.06.25 00:00;2200;O_TZ
297;18.06.25 00:00;2200;19.06.25 00:00;2200;O_M
297;19.06.25 00:00;2200;20.06.25 00:00;2200;O_M
297;20.06.25 00:00;2200;21.06.25 00:00;2200;O_M
297;21.06.25 00:00;2200;22.06.25 00:00;2200;O_M
309;31.05.25 00:00;2200;01.06.25 00:00;2200;U
309;01.06.25 00:00;2200;02.06.25 00:00;2200;U
309;02.06.25 00:00;2200;03.06.25 00:00;2200;U
309;03.06.25 00:00;2200;04.06.25 00:00;2200;U
309;04.06.25 00:00;2200;05.06.25 00:00;2200;U
309;05.06.25 00:00;2200;06.06.25 00:00;2200;U
309;06.06.25 00:00;2200;07.06.25 00:00;2200;U
309;07.06.25 00:00;2200;08.06.25 00:00;2200;O_U
309;13.06.25 00:00;2200;14.06.25 00:00;2200;O_M
309;14.06.25 00:00;2200;15.06.25 00:00;2200;O_M
309;18.06.25 00:00;2200;19.06.25 00:00;2200;O_L
309;19.06.25 00:00;2200;20.06.25 00:00;2200;O_L
309;20.06.25 00:00;2200;21.06.25 00:00;2200;O_L
309;21.06.25 00:00;2200;22.06.25 00:00;2200;O_L
313;15.06.25 00:00;2200;16.06.25 00:00;2200;O_M
313;16.06.25 00:00;2200;17.06.25 00:00;2200;O_M
327;26.06.25 00:00;2200;27.06.25 00:00;2200;O_M
327;28.06.25 00:00;2200;29.06.25 00:00;2200;O_M
327;29.06.25 00:00;2200;30.06.25 00:00;2200;O_L
328;31.05.25 00:00;2200;01.06.25 00:00;2200;U
328;01.06.25 00:00;2200;02.06.25 00:00;2200;U
328;02.06.25 00:00;2200;03.06.25 00:00;2200;U
328;03.06.25 00:00;2200;04.06.25 00:00;2200;U
328;04.06.25 00:00;2200;05.06.25 00:00;2200;U
328;05.06.25 00:00;2200;06.06.25 00:00;2200;U
328;06.06.25 00:00;2200;07.06.25 00:00;2200;U
328;07.06.25 00:00;2200;08.06.25 00:00;2200;O_U
328;22.06.25 00:00;2200;23.06.25 00:00;2200;O_M
328;23.06.25 00:00;2200;24.06.25 00:00;2200;O_M
330;07.06.25 00:00;2200;08.06.25 00:00;2200;O_M
330;19.06.25 00:00;2200;20.06.25 00:00;2200;O_M
330;20.06.25 00:00;2200;21.06.25 00:00;2200;O_TZ
330;21.06.25 00:00;2200;22.06.25 00:00;2200;O_TZ
330;22.06.25 00:00;2200;23.06.25 00:00;2200;O_TZ
330;23.06.25 00:00;2200;24.06.25 00:00;2200;O_TZ
330;24.06.25 00:00;2200;25.06.25 00:00;2200;O_M
334;31.05.25 00:00;2200;01.06.25 00:00;2200;O_L
334;18.06.25 00:00;2200;19.06.25 00:00;2200;O_M
334;19.06.25 00:00;2200;20.06.25 00:00;2200;O_M
334;20.06.25 00:00;2200;21.06.25 00:00;2200;O_M
334;21.06.25 00:00;2200;22.06.25 00:00;2200;O_M
335;29.06.25 00:00;2200;30.06.25 00:00;2200;O_M
336;07.06.25 00:00;2200;08.06.25 00:00;2200;O_U
336;08.06.25 00:00;2200;09.06.25 00:00;2200;U
336;09.06.25 00:00;2200;10.06.25 00:00;2200;U
336;10.06.25 00:00;2200;11.06.25 00:00;2200;U
336;11.06.25 00:00;2200;12.06.25 00:00;2200;U
336;12.06.25 00:00;2200;13.06.25 00:00;2200;U
336;13.06.25 00:00;2200;14.06.25 00:00;2200;U
336;14.06.25 00:00;2200;15.06.25 00:00;2200;U
336;15.06.25 00:00;2200;16.06.25 00:00;2200;U
336;16.06.25 00:00;2200;17.06.25 00:00;2200;U
336;17.06.25 00:00;2200;18.06.25 00:00;2200;U
336;18.06.25 00:00;2200;19.06.25 00:00;2200;U
336;19.06.25 00:00;2200;20.06.25 00:00;2200;U
336;20.06.25 00:00;2200;21.06.25 00:00;2200;U
336;21.06.25 00:00;2200;22.06.25 00:00;2200;U
336;22.06.25 00:00;2200;23.06.25 00:00;2200;O_U
341;20.06.25 00:00;2200;21.06.25 00:00;2200;O_U
341;21.06.25 00:00;2200;22.06.25 00:00;2200;U
341;22.06.25 00:00;2200;23.06.25 00:00;2200;U
341;23.06.25 00:00;2200;24.06.25 00:00;2200;U
341;24.06.25 00:00;2200;25.06.25 00:00;2200;U
341;25.06.25 00:00;2200;26.06.25 00:00;2200;U
341;26.06.25 00:00;2200;27.06.25 00:00;2200;U
341;27.06.25 00:00;2200;28.06.25 00:00;2200;U
341;28.06.25 00:00;2200;29.06.25 00:00;2200;U
341;29.06.25 00:00;2200;30.06.25 00:00;2200;U
341;30.06.25 00:00;2200;01.07.25 00:00;2200;U
344;08.06.25 00:00;2200;09.06.25 00:00;2200;O_U
344;09.06.25 00:00;2200;10.06.25 00:00;2200;U
344;10.06.25 00:00;2200;11.06.25 00:00;2200;U
344;11.06.25 00:00;2200;12.06.25 00:00;2200;U
344;12.06.25 00:00;2200;13.06.25 00:00;2200;U
344;13.06.25 00:00;2200;14.06.25 00:00;2200;U
344;14.06.25 00:00;2200;15.06.25 00:00;2200;U
344;15.06.25 00:00;2200;16.06.25 00:00;2200;U
344;16.06.25 00:00;2200;17.06.25 00:00;2200;O_U
344;17.06.25 00:00;2200;18.06.25 00:00;2200;O_M
344;18.06.25 00:00;2200;19.06.25 00:00;2200;O_M
346;06.06.25 00:00;2200;07.06.25 00:00;2200;O_L
346;07.06.25 00:00;2200;08.06.25 00:00;2200;O_L
346;08.06.25 00:00;2200;09.06.25 00:00;2200;O_L
346;12.06.25 00:00;2200;13.06.25 00:00;2200;O_M
346;13.06.25 00:00;2200;14.06.25 00:00;2200;O_TZ
346;14.06.25 00:00;2200;15.06.25 00:00;2200;O_TZ
346;15.06.25 00:00;2200;16.06.25 00:00;2200;O_TZ
347;07.06.25 00:00;2200;08.06.25 00:00;2200;O_U
347;08.06.25 00:00;2200;09.06.25 00:00;2200;U
347;09.06.25 00:00;2200;10.06.25 00:00;2200;U
347;10.06.25 00:00;2200;11.06.25 00:00;2200;U
347;11.06.25 00:00;2200;12.06.25 00:00;2200;U
347;12.06.25 00:00;2200;13.06.25 00:00;2200;U
347;13.06.25 00:00;2200;14.06.25 00:00;2200;U
347;14.06.25 00:00;2200;15.06.25 00:00;2200;U
347;15.06.25 00:00;2200;16.06.25 00:00;2200;U
347;16.06.25 00:00;2200;17.06.25 00:00;2200;U
347;17.06.25 00:00;2200;18.06.25 00:00;2200;U
347;18.06.25 00:00;2200;19.06.25 00:00;2200;U
347;19.06.25 00:00;2200;20.06.25 00:00;2200;U
347;20.06.25 00:00;2200;21.06.25 00:00;2200;U
347;21.06.25 00:00;2200;22.06.25 00:00;2200;U
347;22.06.25 00:00;2200;23.06.25 00:00;2200;O_U
347;23.06.25 00:00;2200;24.06.25 00:00;2200;O_M
347;25.06.25 00:00;2200;26.06.25 00:00;2200;O_M
349;18.06.25 00:00;2200;19.06.25 00:00;2200;O_M
349;19.06.25 00:00;2200;20.06.25 00:00;2200;O_M
349;20.06.25 00:00;2200;21.06.25 00:00;2200;O_M
349;21.06.25 00:00;2200;22.06.25 00:00;2200;O_M
350;05.06.25 00:00;2200;06.06.25 00:00;2200;O_TZ
350;06.06.25 00:00;2200;07.06.25 00:00;2200;O_TZ
350;30.06.25 00:00;2200;01.07.25 00:00;2200;O_L
351;31.05.25 00:00;2200;01.06.25 00:00;2200;U
351;01.06.25 00:00;2200;02.06.25 00:00;2200;U
351;02.06.25 00:00;2200;03.06.25 00:00;2200;U
351;03.06.25 00:00;2200;04.06.25 00:00;2200;U
351;04.06.25 00:00;2200;05.06.25 00:00;2200;U
351;05.06.25 00:00;2200;06.06.25 00:00;2200;U
351;06.06.25 00:00;2200;07.06.25 00:00;2200;U
351;07.06.25 00:00;2200;08.06.25 00:00;2200;O_U
351;19.06.25 00:00;2200;20.06.25 00:00;2200;O_M
351;20.06.25 00:00;2200;21.06.25 00:00;2200;O_M
351;21.06.25 00:00;2200;22.06.25 00:00;2200;O_L
351;28.06.25 00:00;2200;29.06.25 00:00;2200;O_M
352;25.06.25 00:00;2200;26.06.25 00:00;2200;O_M
355;09.06.25 00:00;2200;10.06.25 00:00;2200;O_M
355;10.06.25 00:00;2200;11.06.25 00:00;2200;O_M
355;11.06.25 00:00;2200;12.06.25 00:00;2200;O_M
359;15.06.25 00:00;2200;16.06.25 00:00;2200;O_M
359;16.06.25 00:00;2200;17.06.25 00:00;2200;O_M
363;02.06.25 00:00;2200;03.06.25 00:00;2200;O_M
363;18.06.25 00:00;2200;19.06.25 00:00;2200;O_M
363;28.06.25 00:00;2200;29.06.25 00:00;2200;O_M
365;03.06.25 00:00;2200;04.06.25 00:00;2200;O_M
365;07.06.25 00:00;2200;08.06.25 00:00;2200;O_M
365;08.06.25 00:00;2200;09.06.25 00:00;2200;O_M
371;31.05.25 00:00;2200;01.06.25 00:00;2200;O_U
371;12.06.25 00:00;2200;13.06.25 00:00;2200;O_L
371;13.06.25 00:00;2200;14.06.25 00:00;2200;O_L
371;14.06.25 00:00;2200;15.06.25 00:00;2200;O_L
375;31.05.25 00:00;2200;01.06.25 00:00;2200;U
375;01.06.25 00:00;2200;02.06.25 00:00;2200;U
375;02.06.25 00:00;2200;03.06.25 00:00;2200;U
375;03.06.25 00:00;2200;04.06.25 00:00;2200;U
375;04.06.25 00:00;2200;05.06.25 00:00;2200;U
375;05.06.25 00:00;2200;06.06.25 00:00;2200;U
375;06.06.25 00:00;2200;07.06.25 00:00;2200;U
375;07.06.25 00:00;2200;08.06.25 00:00;2200;O_U
375;13.06.25 00:00;2200;14.06.25 00:00;2200;O_M
375;14.06.25 00:00;2200;15.06.25 00:00;2200;O_M
377;31.05.25 00:00;2200;01.06.25 00:00;2200;O_TZ
377;06.06.25 00:00;2200;07.06.25 00:00;2200;O_TZ
377;13.06.25 00:00;2200;14.06.25 00:00;2200;O_M
377;14.06.25 00:00;2200;15.06.25 00:00;2200;O_M
377;19.06.25 00:00;2200;20.06.25 00:00;2200;O_M
377;20.06.25 00:00;2200;21.06.25 00:00;2200;O_U
377;21.06.25 00:00;2200;22.06.25 00:00;2200;U
377;22.06.25 00:00;2200;23.06.25 00:00;2200;U
377;23.06.25 00:00;2200;24.06.25 00:00;2200;U
377;24.06.25 00:00;2200;25.06.25 00:00;2200;U
377;25.06.25 00:00;2200;26.06.25 00:00;2200;U
377;26.06.25 00:00;2200;27.06.25 00:00;2200;U
377;27.06.25 00:00;2200;28.06.25 00:00;2200;U
377;28.06.25 00:00;2200;29.06.25 00:00;2200;U
377;29.06.25 00:00;2200;30.06.25 00:00;2200;U
377;30.06.25 00:00;2200;01.07.25 00:00;2200;U
380;06.06.25 00:00;2200;07.06.25 00:00;2200;O_U
380;07.06.25 00:00;2200;08.06.25 00:00;2200;U
380;08.06.25 00:00;2200;09.06.25 00:00;2200;U
380;09.06.25 00:00;2200;10.06.25 00:00;2200;U
380;10.06.25 00:00;2200;11.06.25 00:00;2200;U
380;11.06.25 00:00;2200;12.06.25 00:00;2200;U
380;12.06.25 00:00;2200;13.06.25 00:00;2200;U
380;13.06.25 00:00;2200;14.06.25 00:00;2200;U
380;14.06.25 00:00;2200;15.06.25 00:00;2200;O_U
380;15.06.25 00:00;2200;16.06.25 00:00;2200;O_L
380;16.06.25 00:00;2200;17.06.25 00:00;2200;O_L
380;17.06.25 00:00;2200;18.06.25 00:00;2200;O_L
380;18.06.25 00:00;2200;19.06.25 00:00;2200;O_L
388;31.05.25 00:00;2200;01.06.25 00:00;2200;U
388;01.06.25 00:00;2200;02.06.25 00:00;2200;U
388;02.06.25 00:00;2200;03.06.25 00:00;2200;U
388;03.06.25 00:00;2200;04.06.25 00:00;2200;U
388;04.06.25 00:00;2200;05.06.25 00:00;2200;U
388;05.06.25 00:00;2200;06.06.25 00:00;2200;U
388;06.06.25 00:00;2200;07.06.25 00:00;2200;U
388;07.06.25 00:00;2200;08.06.25 00:00;2200;O_U
388;08.06.25 00:00;2200;09.06.25 00:00;2200;O_L
388;09.06.25 00:00;2200;10.06.25 00:00;2200;O_L
388;10.06.25 00:00;2200;11.06.25 00:00;2200;O_L
388;11.06.25 00:00;2200;12.06.25 00:00;2200;O_L
391;06.06.25 00:00;2200;07.06.25 00:00;2200;O_M
394;06.06.25 00:00;2200;07.06.25 00:00;2200;O_U
394;07.06.25 00:00;2200;08.06.25 00:00;2200;U
394;08.06.25 00:00;2200;09.06.25 00:00;2200;U
394;09.06.25 00:00;2200;10.06.25 00:00;2200;U
394;10.06.25 00:00;2200;11.06.25 00:00;2200;U
394;11.06.25 00:00;2200;12.06.25 00:00;2200;U
394;12.06.25 00:00;2200;13.06.25 00:00;2200;U
394;13.06.25 00:00;2200;14.06.25 00:00;2200;U
394;14.06.25 00:00;2200;15.06.25 00:00;2200;O_U
394;27.06.25 00:00;2200;28.06.25 00:00;2200;O_L
394;28.06.25 00:00;2200;29.06.25 00:00;2200;O_L
400;27.06.25 00:00;2200;28.06.25 00:00;2200;O_U
400;28.06.25 00:00;2200;29.06.25 00:00;2200;U
400;29.06.25 00:00;2200;30.06.25 00:00;2200;U
400;30.06.25 00:00;2200;01.07.25 00:00;2200;U
403;23.06.25 00:00;2200;24.06.25 00:00;2200;O_M
403;25.06.25 00:00;2200;26.06.25 00:00;2200;O_M
403;26.06.25 00:00;2200;27.06.25 00:00;2200;O_M
403;27.06.25 00:00;2200;28.06.25 00:00;2200;O_U
403;28.06.25 00:00;2200;29.06.25 00:00;2200;U
403;29.06.25 00:00;2200;30.06.25 00:00;2200;U
403;30.06.25 00:00;2200;01.07.25 00:00;2200;U
404;07.06.25 00:00;2200;08.06.25 00:00;2200;O_M
404;13.06.25 00:00;2200;14.06.25 00:00;2200;O_M
404;14.06.25 00:00;2200;15.06.25 00:00;2200;O_L
404;30.06.25 00:00;2200;01.07.25 00:00;2200;O_U
411;13.06.25 00:00;2200;14.06.25 00:00;2200;O_M
411;14.06.25 00:00;2200;15.06.25 00:00;2200;O_M
411;15.06.25 00:00;2200;16.06.25 00:00;2200;O_M
411;16.06.25 00:00;2200;17.06.25 00:00;2200;O_M
412;01.06.25 00:00;2200;02.06.25 00:00;2200;O_M
412;02.06.25 00:00;2200;03.06.25 00:00;2200;O_M
412;27.06.25 00:00;2200;28.06.25 00:00;2200;O_U
412;28.06.25 00:00;2200;29.06.25 00:00;2200;U
412;29.06.25 00:00;2200;30.06.25 00:00;2200;U
412;30.06.25 00:00;2200;01.07.25 00:00;2200;U
415;06.06.25 00:00;2200;07.06.25 00:00;2200;O_M
415;07.06.25 00:00;2200;08.06.25 00:00;2200;O_M
415;08.06.25 00:00;2200;09.06.25 00:00;2200;O_M
415;09.06.25 00:00;2200;10.06.25 00:00;2200;O_M
422;12.06.25 00:00;2200;13.06.25 00:00;2200;O_M
422;13.06.25 00:00;2200;14.06.25 00:00;2200;O_TZ
422;14.06.25 00:00;2200;15.06.25 00:00;2200;O_TZ
422;15.06.25 00:00;2200;16.06.25 00:00;2200;O_TZ
422;27.06.25 00:00;2200;28.06.25 00:00;2200;O_M
422;28.06.25 00:00;2200;29.06.25 00:00;2200;O_M
429;23.06.25 00:00;2200;24.06.25 00:00;2200;O_M
429;24.06.25 00:00;2200;25.06.25 00:00;2200;O_M
429;27.06.25 00:00;2200;28.06.25 00:00;2200;O_U
429;28.06.25 00:00;2200;29.06.25 00:00;2200;U
429;29.06.25 00:00;2200;30.06.25 00:00;2200;U
429;30.06.25 00:00;2200;01.07.25 00:00;2200;U
432;02.06.25 00:00;2200;03.06.25 00:00;2200;O_U
432;03.06.25 00:00;2200;04.06.25 00:00;2200;U
432;04.06.25 00:00;2200;05.06.25 00:00;2200;U
432;05.06.25 00:00;2200;06.06.25 00:00;2200;U
432;06.06.25 00:00;2200;07.06.25 00:00;2200;U
432;07.06.25 00:00;2200;08.06.25 00:00;2200;U
432;08.06.25 00:00;2200;09.06.25 00:00;2200;U
432;09.06.25 00:00;2200;10.06.25 00:00;2200;U
432;10.06.25 00:00;2200;11.06.25 00:00;2200;U
432;11.06.25 00:00;2200;12.06.25 00:00;2200;U
432;12.06.25 00:00;2200;13.06.25 00:00;2200;U
432;13.06.25 00:00;2200;14.06.25 00:00;2200;U
432;14.06.25 00:00;2200;15.06.25 00:00;2200;U
432;15.06.25 00:00;2200;16.06.25 00:00;2200;U
432;16.06.25 00:00;2200;17.06.25 00:00;2200;U
432;17.06.25 00:00;2200;18.06.25 00:00;2200;U
432;18.06.25 00:00;2200;19.06.25 00:00;2200;U
432;19.06.25 00:00;2200;20.06.25 00:00;2200;U
432;20.06.25 00:00;2200;21.06.25 00:00;2200;O_U
433;03.06.25 00:00;2200;04.06.25 00:00;2200;O_M
433;04.06.25 00:00;2200;05.06.25 00:00;2200;O_M
433;05.06.25 00:00;2200;06.06.25 00:00;2200;O_M
433;06.06.25 00:00;2200;07.06.25 00:00;2200;O_L
435;18.06.25 00:00;2200;19.06.25 00:00;2200;O_L
435;20.06.25 00:00;2200;21.06.25 00:00;2200;O_L
435;21.06.25 00:00;2200;22.06.25 00:00;2200;O_L
437;31.05.25 00:00;2200;01.06.25 00:00;2200;O_TZ
437;05.06.25 00:00;2200;06.06.25 00:00;2200;O_M
437;06.06.25 00:00;2200;07.06.25 00:00;2200;O_L
437;07.06.25 00:00;2200;08.06.25 00:00;2200;O_M
437;12.06.25 00:00;2200;13.06.25 00:00;2200;O_M
437;13.06.25 00:00;2200;14.06.25 00:00;2200;O_U
437;14.06.25 00:00;2200;15.06.25 00:00;2200;U
437;15.06.25 00:00;2200;16.06.25 00:00;2200;U
437;16.06.25 00:00;2200;17.06.25 00:00;2200;U
437;17.06.25 00:00;2200;18.06.25 00:00;2200;U
437;18.06.25 00:00;2200;19.06.25 00:00;2200;U
437;19.06.25 00:00;2200;20.06.25 00:00;2200;U
437;20.06.25 00:00;2200;21.06.25 00:00;2200;U
437;21.06.25 00:00;2200;22.06.25 00:00;2200;O_U
437;27.06.25 00:00;2200;28.06.25 00:00;2200;O_TZ
437;28.06.25 00:00;2200;29.06.25 00:00;2200;O_L
448;22.06.25 00:00;2200;23.06.25 00:00;2200;O_L
449;29.06.25 00:00;2200;30.06.25 00:00;2200;O_M
461;05.06.25 00:00;2200;06.06.25 00:00;2200;O_M
461;06.06.25 00:00;2200;07.06.25 00:00;2200;O_M
461;07.06.25 00:00;2200;08.06.25 00:00;2200;O_M
461;08.06.25 00:00;2200;09.06.25 00:00;2200;O_M
464;16.06.25 00:00;2200;17.06.25 00:00;2200;O_M
465;05.06.25 00:00;2200;06.06.25 00:00;2200;O_M
469;31.05.25 00:00;2200;01.06.25 00:00;2200;O_TZ
469;01.06.25 00:00;2200;02.06.25 00:00;2200;O_TZ
469;02.06.25 00:00;2200;03.06.25 00:00;2200;O_TZ
469;03.06.25 00:00;2200;04.06.25 00:00;2200;O_TZ
469;04.06.25 00:00;2200;05.06.25 00:00;2200;O_TZ
485;31.05.25 00:00;2200;01.06.25 00:00;2200;U
485;06.06.25 00:00;2200;07.06.25 00:00;2200;O_TZ
485;07.06.25 00:00;2200;08.06.25 00:00;2200;O_TZ
485;19.06.25 00:00;2200;20.06.25 00:00;2200;O_TZ
485;21.06.25 00:00;2200;22.06.25 00:00;2200;O_M
485;22.06.25 00:00;2200;23.06.25 00:00;2200;O_TZ
485;27.06.25 00:00;2200;28.06.25 00:00;2200;O_M
489;09.06.25 00:00;2200;10.06.25 00:00;2200;O_M
489;10.06.25 00:00;2200;11.06.25 00:00;2200;O_M
489;11.06.25 00:00;2200;12.06.25 00:00;2200;O_M
489;12.06.25 00:00;2200;13.06.25 00:00;2200;O_M
493;18.06.25 00:00;2200;19.06.25 00:00;2200;O_L
493;19.06.25 00:00;2200;20.06.25 00:00;2200;O_L
493;20.06.25 00:00;2200;21.06.25 00:00;2200;O_L
493;21.06.25 00:00;2200;22.06.25 00:00;2200;O_L
495;25.06.25 00:00;2200;26.06.25 00:00;2200;O_M
495;27.06.25 00:00;2200;28.06.25 00:00;2200;O_L
496;29.06.25 00:00;2200;30.06.25 00:00;2200;O_M
499;31.05.25 00:00;2200;01.06.25 00:00;2200;U
499;01.06.25 00:00;2200;02.06.25 00:00;2200;U
499;02.06.25 00:00;2200;03.06.25 00:00;2200;U
499;03.06.25 00:00;2200;04.06.25 00:00;2200;U
499;04.06.25 00:00;2200;05.06.25 00:00;2200;O_L
499;05.06.25 00:00;2200;06.06.25 00:00;2200;O_L
499;06.06.25 00:00;2200;07.06.25 00:00;2200;O_U
499;07.06.25 00:00;2200;08.06.25 00:00;2200;U
499;08.06.25 00:00;2200;09.06.25 00:00;2200;U
499;09.06.25 00:00;2200;10.06.25 00:00;2200;U
499;10.06.25 00:00;2200;11.06.25 00:00;2200;U
499;11.06.25 00:00;2200;12.06.25 00:00;2200;U
499;12.06.25 00:00;2200;13.06.25 00:00;2200;U
499;13.06.25 00:00;2200;14.06.25 00:00;2200;U
499;14.06.25 00:00;2200;15.06.25 00:00;2200;O_U
499;15.06.25 00:00;2200;16.06.25 00:00;2200;O_L
499;16.06.25 00:00;2200;17.06.25 00:00;2200;O_M
499;17.06.25 00:00;2200;18.06.25 00:00;2200;O_M
503;08.06.25 00:00;2200;09.06.25 00:00;2200;U
505;15.06.25 00:00;2200;16.06.25 00:00;2200;O_M
505;25.06.25 00:00;2200;26.06.25 00:00;2200;O_L
513;06.06.25 00:00;2200;07.06.25 00:00;2200;O_M
513;07.06.25 00:00;2200;08.06.25 00:00;2200;O_M
517;26.06.25 00:00;2200;27.06.25 00:00;2200;O_M
517;27.06.25 00:00;2200;28.06.25 00:00;2200;O_M
517;28.06.25 00:00;2200;29.06.25 00:00;2200;O_M
517;29.06.25 00:00;2200;30.06.25 00:00;2200;O_M
521;31.05.25 00:00;2200;01.06.25 00:00;2200;U
521;01.06.25 00:00;2200;02.06.25 00:00;2200;U
521;02.06.25 00:00;2200;03.06.25 00:00;2200;U
521;03.06.25 00:00;2200;04.06.25 00:00;2200;U
521;04.06.25 00:00;2200;05.06.25 00:00;2200;U
521;05.06.25 00:00;2200;06.06.25 00:00;2200;U
521;06.06.25 00:00;2200;07.06.25 00:00;2200;U
521;07.06.25 00:00;2200;08.06.25 00:00;2200;U
521;08.06.25 00:00;2200;09.06.25 00:00;2200;U
521;09.06.25 00:00;2200;10.06.25 00:00;2200;U
521;10.06.25 00:00;2200;11.06.25 00:00;2200;U
521;11.06.25 00:00;2200;12.06.25 00:00;2200;U
521;12.06.25 00:00;2200;13.06.25 00:00;2200;U
521;13.06.25 00:00;2200;14.06.25 00:00;2200;U
521;14.06.25 00:00;2200;15.06.25 00:00;2200;O_U
521;28.06.25 00:00;2200;29.06.25 00:00;2200;O_M
522;26.06.25 00:00;2200;27.06.25 00:00;2200;O_L
522;27.06.25 00:00;2200;28.06.25 00:00;2200;O_L
522;28.06.25 00:00;2200;29.06.25 00:00;2200;O_L
524;02.06.25 00:00;2200;03.06.25 00:00;2200;O_TZ
524;07.06.25 00:00;2200;08.06.25 00:00;2200;O_TZ
524;16.06.25 00:00;2200;17.06.25 00:00;2200;O_TZ
524;29.06.25 00:00;2200;30.06.25 00:00;2200;O_TZ
524;30.06.25 00:00;2300;01.07.25 00:00;2300;O_TZ
529;31.05.25 00:00;2200;01.06.25 00:00;2200;O_M
529;06.06.25 00:00;2200;07.06.25 00:00;2200;O_M
529;13.06.25 00:00;2200;14.06.25 00:00;2200;O_M
537;06.06.25 00:00;2200;07.06.25 00:00;2200;O_M
537;13.06.25 00:00;2200;14.06.25 00:00;2200;O_TZ
537;20.06.25 00:00;2200;21.06.25 00:00;2200;O_M
537;27.06.25 00:00;2200;28.06.25 00:00;2200;O_TZ
543;20.06.25 00:00;2200;21.06.25 00:00;2200;O_M
543;21.06.25 00:00;2200;22.06.25 00:00;2200;O_M
543;22.06.25 00:00;2200;23.06.25 00:00;2200;O_M
543;23.06.25 00:00;2200;24.06.25 00:00;2200;O_M
543;24.06.25 00:00;2200;25.06.25 00:00;2200;O_TZ
543;25.06.25 00:00;2200;26.06.25 00:00;2200;O_TZ
543;26.06.25 00:00;2200;27.06.25 00:00;2200;O_TZ
543;28.06.25 00:00;2200;29.06.25 00:00;2200;U
543;29.06.25 00:00;2200;30.06.25 00:00;2200;U
543;30.06.25 00:00;2300;01.07.25 00:00;2300;O_TZ
547;05.06.25 00:00;2200;06.06.25 00:00;2200;O_M
553;24.06.25 00:00;2200;25.06.25 00:00;2200;O_M
553;25.06.25 00:00;2200;26.06.25 00:00;2200;O_M
553;26.06.25 00:00;2200;27.06.25 00:00;2200;O_M
553;27.06.25 00:00;2200;28.06.25 00:00;2200;O_M
553;29.06.25 00:00;2200;30.06.25 00:00;2200;O_U
553;30.06.25 00:00;2200;01.07.25 00:00;2200;U
555;14.06.25 00:00;2200;15.06.25 00:00;2200;O_M
555;15.06.25 00:00;2200;16.06.25 00:00;2200;O_M
555;16.06.25 00:00;2200;17.06.25 00:00;2200;O_M
555;17.06.25 00:00;2200;18.06.25 00:00;2200;O_M
555;28.06.25 00:00;2200;29.06.25 00:00;2200;O_L
556;31.05.25 00:00;2200;01.06.25 00:00;2200;O_M
556;16.06.25 00:00;2200;17.06.25 00:00;2200;O_L
556;17.06.25 00:00;2200;18.06.25 00:00;2200;O_L
556;18.06.25 00:00;2200;19.06.25 00:00;2200;O_L
556;19.06.25 00:00;2200;20.06.25 00:00;2200;O_L
558;12.06.25 00:00;2200;13.06.25 00:00;2200;O_L
558;13.06.25 00:00;2200;14.06.25 00:00;2200;O_L
558;14.06.25 00:00;2200;15.06.25 00:00;2200;O_L
558;15.06.25 00:00;2200;16.06.25 00:00;2200;O_TZ
558;16.06.25 00:00;2200;17.06.25 00:00;2200;O_TZ
558;17.06.25 00:00;2200;18.06.25 00:00;2200;O_TZ
558;18.06.25 00:00;2200;19.06.25 00:00;2200;O_TZ
558;19.06.25 00:00;2200;20.06.25 00:00;2200;O_M
558;21.06.25 00:00;2200;22.06.25 00:00;2200;O_M
561;29.06.25 00:00;2200;30.06.25 00:00;2200;O_M
567;12.06.25 00:00;2200;13.06.25 00:00;2200;O_M
567;13.06.25 00:00;2200;14.06.25 00:00;2200;O_M
567;20.06.25 00:00;2200;21.06.25 00:00;2200;O_TZ
567;21.06.25 00:00;2200;22.06.25 00:00;2200;O_TZ
567;27.06.25 00:00;2200;28.06.25 00:00;2200;O_M
569;01.06.25 00:00;2200;02.06.25 00:00;2200;O_L
570;31.05.25 00:00;2200;01.06.25 00:00;2200;O_U
570;13.06.25 00:00;2200;14.06.25 00:00;2200;O_M
570;25.06.25 00:00;2200;26.06.25 00:00;2200;O_M
570;26.06.25 00:00;2200;27.06.25 00:00;2200;O_M
572;06.06.25 00:00;2200;07.06.25 00:00;2200;O_TZ
572;07.06.25 00:00;2200;08.06.25 00:00;2200;O_TZ
572;11.06.25 00:00;2200;12.06.25 00:00;2200;O_M
572;12.06.25 00:00;2200;13.06.25 00:00;2200;O_M
572;13.06.25 00:00;2200;14.06.25 00:00;2200;O_M
572;20.06.25 00:00;2200;21.06.25 00:00;2200;O_U
572;21.06.25 00:00;2200;22.06.25 00:00;2200;U
572;22.06.25 00:00;2200;23.06.25 00:00;2200;U
572;23.06.25 00:00;2200;24.06.25 00:00;2200;U
572;24.06.25 00:00;2200;25.06.25 00:00;2200;U
572;25.06.25 00:00;2200;26.06.25 00:00;2200;U
572;26.06.25 00:00;2200;27.06.25 00:00;2200;U
572;27.06.25 00:00;2200;28.06.25 00:00;2200;U
572;28.06.25 00:00;2200;29.06.25 00:00;2200;U
572;29.06.25 00:00;2200;30.06.25 00:00;2200;U
572;30.06.25 00:00;2200;01.07.25 00:00;2200;U
577;10.06.25 00:00;2200;11.06.25 00:00;2200;O_M
577;11.06.25 00:00;2200;12.06.25 00:00;2200;O_M
577;12.06.25 00:00;2200;13.06.25 00:00;2200;O_M
577;13.06.25 00:00;2200;14.06.25 00:00;2200;O_U
577;14.06.25 00:00;2200;15.06.25 00:00;2200;U
577;15.06.25 00:00;2200;16.06.25 00:00;2200;U
577;16.06.25 00:00;2200;17.06.25 00:00;2200;U
577;17.06.25 00:00;2200;18.06.25 00:00;2200;U
577;18.06.25 00:00;2200;19.06.25 00:00;2200;U
577;19.06.25 00:00;2200;20.06.25 00:00;2200;U
577;20.06.25 00:00;2200;21.06.25 00:00;2200;U
577;21.06.25 00:00;2200;22.06.25 00:00;2200;U
577;22.06.25 00:00;2200;23.06.25 00:00;2200;U
577;23.06.25 00:00;2200;24.06.25 00:00;2200;U
577;24.06.25 00:00;2200;25.06.25 00:00;2200;U
577;25.06.25 00:00;2200;26.06.25 00:00;2200;U
577;26.06.25 00:00;2200;27.06.25 00:00;2200;U
577;27.06.25 00:00;2200;28.06.25 00:00;2200;U
577;28.06.25 00:00;2200;29.06.25 00:00;2200;O_U
578;25.06.25 00:00;2200;26.06.25 00:00;2200;O_L
581;06.06.25 00:00;2200;07.06.25 00:00;2200;O_L
581;07.06.25 00:00;2200;08.06.25 00:00;2200;O_L
581;08.06.25 00:00;2200;09.06.25 00:00;2200;O_L
581;29.06.25 00:00;2200;30.06.25 00:00;2200;O_M
582;31.05.25 00:00;2200;01.06.25 00:00;2200;O_TZ
582;01.06.25 00:00;2200;02.06.25 00:00;2200;O_TZ
582;02.06.25 00:00;2200;03.06.25 00:00;2200;O_TZ
582;03.06.25 00:00;2200;04.06.25 00:00;2200;O_TZ
582;19.06.25 00:00;2200;20.06.25 00:00;2200;O_U
582;20.06.25 00:00;2200;21.06.25 00:00;2200;U
582;21.06.25 00:00;2200;22.06.25 00:00;2200;U
582;22.06.25 00:00;2200;23.06.25 00:00;2200;U
582;23.06.25 00:00;2200;24.06.25 00:00;2200;U
582;24.06.25 00:00;2200;25.06.25 00:00;2200;U
582;25.06.25 00:00;2200;26.06.25 00:00;2200;U
582;26.06.25 00:00;2200;27.06.25 00:00;2200;U
582;27.06.25 00:00;2200;28.06.25 00:00;2200;U
582;28.06.25 00:00;2200;29.06.25 00:00;2200;U
582;29.06.25 00:00;2200;30.06.25 00:00;2200;U
582;30.06.25 00:00;2200;01.07.25 00:00;2200;U
583;06.06.25 00:00;2200;07.06.25 00:00;2200;U
583;07.06.25 00:00;2200;08.06.25 00:00;2200;U
583;09.06.25 00:00;2200;10.06.25 00:00;2200;O_M
583;10.06.25 00:00;2200;11.06.25 00:00;2200;O_M
583;11.06.25 00:00;2200;12.06.25 00:00;2200;O_U
583;12.06.25 00:00;2200;13.06.25 00:00;2200;U
583;13.06.25 00:00;2200;14.06.25 00:00;2200;U
583;14.06.25 00:00;2200;15.06.25 00:00;2200;U
583;15.06.25 00:00;2200;16.06.25 00:00;2200;U
583;16.06.25 00:00;2200;17.06.25 00:00;2200;U
583;17.06.25 00:00;2200;18.06.25 00:00;2200;U
583;18.06.25 00:00;2200;19.06.25 00:00;2200;U
583;19.06.25 00:00;2200;20.06.25 00:00;2200;O_U
584;31.05.25 00:00;2200;01.06.25 00:00;2200;O_U
584;01.06.25 00:00;2200;02.06.25 00:00;2200;U
584;02.06.25 00:00;2200;03.06.25 00:00;2200;U
584;03.06.25 00:00;2200;04.06.25 00:00;2200;U
584;04.06.25 00:00;2200;05.06.25 00:00;2200;U
584;05.06.25 00:00;2200;06.06.25 00:00;2200;U
584;06.06.25 00:00;2200;07.06.25 00:00;2200;U
584;07.06.25 00:00;2200;08.06.25 00:00;2200;U
584;08.06.25 00:00;2200;09.06.25 00:00;2200;O_U
584;26.06.25 00:00;2200;27.06.25 00:00;2200;O_M
584;27.06.25 00:00;2200;28.06.25 00:00;2200;O_M
584;28.06.25 00:00;2200;29.06.25 00:00;2200;O_M
590;18.06.25 00:00;2200;19.06.25 00:00;2200;O_M
592;31.05.25 00:00;2200;01.06.25 00:00;2200;O_U
592;22.06.25 00:00;2200;23.06.25 00:00;2200;O_TZ
592;23.06.25 00:00;2200;24.06.25 00:00;2200;O_TZ
592;24.06.25 00:00;2200;25.06.25 00:00;2200;O_TZ
592;25.06.25 00:00;2200;26.06.25 00:00;2200;O_TZ
592;26.06.25 00:00;2200;27.06.25 00:00;2200;O_TZ
592;27.06.25 00:00;2200;28.06.25 00:00;2200;O_U
592;28.06.25 00:00;2200;29.06.25 00:00;2200;U
592;29.06.25 00:00;2200;30.06.25 00:00;2200;U
592;30.06.25 00:00;2200;01.07.25 00:00;2200;U
593;15.06.25 00:00;2200;16.06.25 00:00;2200;U
593;16.06.25 00:00;2200;17.06.25 00:00;2200;U
593;17.06.25 00:00;2200;18.06.25 00:00;2200;U
593;18.06.25 00:00;2200;19.06.25 00:00;2200;U
593;19.06.25 00:00;2200;20.06.25 00:00;2200;U
593;20.06.25 00:00;2200;21.06.25 00:00;2200;U
593;21.06.25 00:00;2200;22.06.25 00:00;2200;U
593;22.06.25 00:00;2200;23.06.25 00:00;2200;U
593;23.06.25 00:00;2200;24.06.25 00:00;2200;U
593;24.06.25 00:00;2200;25.06.25 00:00;2200;U
593;25.06.25 00:00;2200;26.06.25 00:00;2200;U
593;26.06.25 00:00;2200;27.06.25 00:00;2200;U
593;27.06.25 00:00;2200;28.06.25 00:00;2200;U
593;28.06.25 00:00;2200;29.06.25 00:00;2200;U
597;13.06.25 00:00;2200;14.06.25 00:00;2200;O_M
597;24.06.25 00:00;2200;25.06.25 00:00;2200;O_M
597;25.06.25 00:00;2200;26.06.25 00:00;2200;O_M
603;31.05.25 00:00;2200;01.06.25 00:00;2200;O_M
603;06.06.25 00:00;2200;07.06.25 00:00;2200;O_U
603;07.06.25 00:00;2200;08.06.25 00:00;2200;U
603;08.06.25 00:00;2200;09.06.25 00:00;2200;U
603;09.06.25 00:00;2200;10.06.25 00:00;2200;U
603;10.06.25 00:00;2200;11.06.25 00:00;2200;U
603;11.06.25 00:00;2200;12.06.25 00:00;2200;U
603;12.06.25 00:00;2200;13.06.25 00:00;2200;U
603;13.06.25 00:00;2200;14.06.25 00:00;2200;U
603;14.06.25 00:00;2200;15.06.25 00:00;2200;O_U
603;20.06.25 00:00;2200;21.06.25 00:00;2200;O_M
603;21.06.25 00:00;2200;22.06.25 00:00;2200;O_M
607;31.05.25 00:00;2200;01.06.25 00:00;2200;O_M
607;11.06.25 00:00;2200;12.06.25 00:00;2200;U
607;12.06.25 00:00;2200;13.06.25 00:00;2200;U
607;13.06.25 00:00;2200;14.06.25 00:00;2200;U
607;14.06.25 00:00;2200;15.06.25 00:00;2200;O_M
607;27.06.25 00:00;2200;28.06.25 00:00;2200;O_M
610;31.05.25 00:00;2200;01.06.25 00:00;2200;O_U
610;19.06.25 00:00;2200;20.06.25 00:00;2200;O_M
610;22.06.25 00:00;2200;23.06.25 00:00;2200;O_M
611;31.05.25 00:00;2200;01.06.25 00:00;2200;O_M
611;06.06.25 00:00;2200;07.06.25 00:00;2200;O_M
611;07.06.25 00:00;2200;08.06.25 00:00;2200;O_M
612;04.06.25 00:00;2200;05.06.25 00:00;2200;O_L
612;05.06.25 00:00;2200;06.06.25 00:00;2200;O_L
612;06.06.25 00:00;2200;07.06.25 00:00;2200;O_U
612;07.06.25 00:00;2200;08.06.25 00:00;2200;U
612;08.06.25 00:00;2200;09.06.25 00:00;2200;U
612;09.06.25 00:00;2200;10.06.25 00:00;2200;U
612;10.06.25 00:00;2200;11.06.25 00:00;2200;U
612;11.06.25 00:00;2200;12.06.25 00:00;2200;U
612;12.06.25 00:00;2200;13.06.25 00:00;2200;U
612;13.06.25 00:00;2200;14.06.25 00:00;2200;U
612;14.06.25 00:00;2200;15.06.25 00:00;2200;U
612;15.06.25 00:00;2200;16.06.25 00:00;2200;U
612;16.06.25 00:00;2200;17.06.25 00:00;2200;U
612;17.06.25 00:00;2200;18.06.25 00:00;2200;U
612;18.06.25 00:00;2200;19.06.25 00:00;2200;U
612;19.06.25 00:00;2200;20.06.25 00:00;2200;U
612;20.06.25 00:00;2200;21.06.25 00:00;2200;U
612;21.06.25 00:00;2200;22.06.25 00:00;2200;O_U
612;27.06.25 00:00;2200;28.06.25 00:00;2200;O_M
612;28.06.25 00:00;2200;29.06.25 00:00;2200;O_M
613;31.05.25 00:00;2200;01.06.25 00:00;2200;U
613;01.06.25 00:00;2200;02.06.25 00:00;2200;U
613;02.06.25 00:00;2200;03.06.25 00:00;2200;U
613;03.06.25 00:00;2200;04.06.25 00:00;2200;U
613;04.06.25 00:00;2200;05.06.25 00:00;2200;U
613;05.06.25 00:00;2200;06.06.25 00:00;2200;U
613;06.06.25 00:00;2200;07.06.25 00:00;2200;U
613;07.06.25 00:00;2200;08.06.25 00:00;2200;O_U
613;08.06.25 00:00;2200;09.06.25 00:00;2200;O_M
613;09.06.25 00:00;2200;10.06.25 00:00;2200;O_M
613;10.06.25 00:00;2200;11.06.25 00:00;2200;O_M
616;15.06.25 00:00;2200;16.06.25 00:00;2200;O_M
616;16.06.25 00:00;2200;17.06.25 00:00;2200;O_M
616;26.06.25 00:00;2200;27.06.25 00:00;2200;O_M
621;18.06.25 00:00;2200;19.06.25 00:00;2200;O_M
621;19.06.25 00:00;2200;20.06.25 00:00;2200;O_M
621;21.06.25 00:00;2200;22.06.25 00:00;2200;O_M
621;27.06.25 00:00;2200;28.06.25 00:00;2200;O_TZ
621;28.06.25 00:00;2200;29.06.25 00:00;2200;O_TZ
623;31.05.25 00:00;2200;01.06.25 00:00;2200;U
623;01.06.25 00:00;2200;02.06.25 00:00;2200;U
623;02.06.25 00:00;2200;03.06.25 00:00;2200;U
623;03.06.25 00:00;2200;04.06.25 00:00;2200;U
623;04.06.25 00:00;2200;05.06.25 00:00;2200;U
623;05.06.25 00:00;2200;06.06.25 00:00;2200;U
623;06.06.25 00:00;2200;07.06.25 00:00;2200;U
623;07.06.25 00:00;2200;08.06.25 00:00;2200;U
623;08.06.25 00:00;2200;09.06.25 00:00;2200;U
623;09.06.25 00:00;2200;10.06.25 00:00;2200;U
623;10.06.25 00:00;2200;11.06.25 00:00;2200;U
623;11.06.25 00:00;2200;12.06.25 00:00;2200;U
623;12.06.25 00:00;2200;13.06.25 00:00;2200;U
623;13.06.25 00:00;2200;14.06.25 00:00;2200;U
623;14.06.25 00:00;2200;15.06.25 00:00;2200;O_U
624;05.06.25 00:00;2200;06.06.25 00:00;2200;O_M
625;31.05.25 00:00;2200;01.06.25 00:00;2200;O_M
625;01.06.25 00:00;2200;02.06.25 00:00;2200;O_M
625;02.06.25 00:00;2200;03.06.25 00:00;2200;O_M
625;03.06.25 00:00;2200;04.06.25 00:00;2200;O_M
627;31.05.25 00:00;2200;01.06.25 00:00;2200;O_L
627;21.06.25 00:00;2200;22.06.25 00:00;2200;O_L
627;22.06.25 00:00;2200;23.06.25 00:00;2200;O_M
628;26.06.25 00:00;2200;27.06.25 00:00;2200;O_L
628;27.06.25 00:00;2200;28.06.25 00:00;2200;O_L
628;28.06.25 00:00;2200;29.06.25 00:00;2200;O_L
628;29.06.25 00:00;2200;30.06.25 00:00;2200;O_L
628;30.06.25 00:00;2300;01.07.25 00:00;2300;O_TZ
629;31.05.25 00:00;2200;01.06.25 00:00;2200;O_M
629;13.06.25 00:00;2200;14.06.25 00:00;2200;O_U
629;14.06.25 00:00;2200;15.06.25 00:00;2200;U
629;15.06.25 00:00;2200;16.06.25 00:00;2200;U
629;16.06.25 00:00;2200;17.06.25 00:00;2200;U
629;17.06.25 00:00;2200;18.06.25 00:00;2200;U
629;18.06.25 00:00;2200;19.06.25 00:00;2200;U
629;19.06.25 00:00;2200;20.06.25 00:00;2200;U
629;20.06.25 00:00;2200;21.06.25 00:00;2200;U
629;21.06.25 00:00;2200;22.06.25 00:00;2200;U
629;22.06.25 00:00;2200;23.06.25 00:00;2200;U
629;23.06.25 00:00;2200;24.06.25 00:00;2200;U
629;24.06.25 00:00;2200;25.06.25 00:00;2200;U
629;25.06.25 00:00;2200;26.06.25 00:00;2200;U
629;26.06.25 00:00;2200;27.06.25 00:00;2200;U
629;27.06.25 00:00;2200;28.06.25 00:00;2200;U
629;28.06.25 00:00;2200;29.06.25 00:00;2200;O_U
635;26.06.25 00:00;2200;27.06.25 00:00;2200;U
635;27.06.25 00:00;2200;28.06.25 00:00;2200;O_U
635;28.06.25 00:00;2200;29.06.25 00:00;2200;U
635;29.06.25 00:00;2200;30.06.25 00:00;2200;U
635;30.06.25 00:00;2200;01.07.25 00:00;2200;U
636;06.06.25 00:00;2200;07.06.25 00:00;2200;O_U
636;07.06.25 00:00;2200;08.06.25 00:00;2200;U
636;08.06.25 00:00;2200;09.06.25 00:00;2200;U
636;09.06.25 00:00;2200;10.06.25 00:00;2200;U
636;10.06.25 00:00;2200;11.06.25 00:00;2200;U
636;11.06.25 00:00;2200;12.06.25 00:00;2200;U
636;12.06.25 00:00;2200;13.06.25 00:00;2200;U
636;13.06.25 00:00;2200;14.06.25 00:00;2200;U
636;14.06.25 00:00;2200;15.06.25 00:00;2200;O_U
638;31.05.25 00:00;2200;01.06.25 00:00;2200;O_U
640;13.06.25 00:00;2200;14.06.25 00:00;2200;O_M
640;17.06.25 00:00;2200;18.06.25 00:00;2200;O_M
640;20.06.25 00:00;2200;21.06.25 00:00;2200;O_M
652;09.06.25 00:00;2200;10.06.25 00:00;2200;O_TZ
652;10.06.25 00:00;2200;11.06.25 00:00;2200;O_TZ
652;11.06.25 00:00;2200;12.06.25 00:00;2200;O_TZ
652;12.06.25 00:00;2200;13.06.25 00:00;2200;O_TZ
652;28.06.25 00:00;2200;29.06.25 00:00;2200;O_L
652;29.06.25 00:00;2200;30.06.25 00:00;2200;O_L
653;05.06.25 00:00;2200;06.06.25 00:00;2200;O_M
653;13.06.25 00:00;2200;14.06.25 00:00;2200;O_U
653;14.06.25 00:00;2200;15.06.25 00:00;2200;U
653;15.06.25 00:00;2200;16.06.25 00:00;2200;U
653;16.06.25 00:00;2200;17.06.25 00:00;2200;U
653;17.06.25 00:00;2200;18.06.25 00:00;2200;U
653;18.06.25 00:00;2200;19.06.25 00:00;2200;U
653;19.06.25 00:00;2200;20.06.25 00:00;2200;U
653;20.06.25 00:00;2200;21.06.25 00:00;2200;U
653;21.06.25 00:00;2200;22.06.25 00:00;2200;O_U
657;03.06.25 00:00;2200;04.06.25 00:00;2200;O_M
657;11.06.25 00:00;2200;12.06.25 00:00;2200;O_U
657;12.06.25 00:00;2200;13.06.25 00:00;2200;U
657;13.06.25 00:00;2200;14.06.25 00:00;2200;U
657;14.06.25 00:00;2200;15.06.25 00:00;2200;U
657;15.06.25 00:00;2200;16.06.25 00:00;2200;U
657;16.06.25 00:00;2200;17.06.25 00:00;2200;U
657;17.06.25 00:00;2200;18.06.25 00:00;2200;U
657;18.06.25 00:00;2200;19.06.25 00:00;2200;U
657;19.06.25 00:00;2200;20.06.25 00:00;2200;O_U
657;27.06.25 00:00;2200;28.06.25 00:00;2200;O_U
657;28.06.25 00:00;2200;29.06.25 00:00;2200;U
657;29.06.25 00:00;2200;30.06.25 00:00;2200;U
657;30.06.25 00:00;2200;01.07.25 00:00;2200;U
658;19.06.25 00:00;2200;20.06.25 00:00;2200;O_U
658;20.06.25 00:00;2200;21.06.25 00:00;2200;U
658;21.06.25 00:00;2200;22.06.25 00:00;2200;U
658;22.06.25 00:00;2200;23.06.25 00:00;2200;U
658;23.06.25 00:00;2200;24.06.25 00:00;2200;U
658;24.06.25 00:00;2200;25.06.25 00:00;2200;U
658;25.06.25 00:00;2200;26.06.25 00:00;2200;U
658;26.06.25 00:00;2200;27.06.25 00:00;2200;U
658;27.06.25 00:00;2200;28.06.25 00:00;2200;U
658;28.06.25 00:00;2200;29.06.25 00:00;2200;U
658;29.06.25 00:00;2200;30.06.25 00:00;2200;U
658;30.06.25 00:00;2200;01.07.25 00:00;2200;U
661;31.05.25 00:00;2200;01.06.25 00:00;2200;U
661;01.06.25 00:00;2200;02.06.25 00:00;2200;U
661;02.06.25 00:00;2200;03.06.25 00:00;2200;U
661;03.06.25 00:00;2200;04.06.25 00:00;2200;U
661;04.06.25 00:00;2200;05.06.25 00:00;2200;U
661;05.06.25 00:00;2200;06.06.25 00:00;2200;U
661;06.06.25 00:00;2200;07.06.25 00:00;2200;U
661;07.06.25 00:00;2200;08.06.25 00:00;2200;O_U
667;04.06.25 00:00;2200;05.06.25 00:00;2200;O_L
667;05.06.25 00:00;2200;06.06.25 00:00;2200;O_L
678;13.06.25 00:00;2200;14.06.25 00:00;2200;O_TZ
678;14.06.25 00:00;2200;15.06.25 00:00;2200;O_TZ
678;26.06.25 00:00;2200;27.06.25 00:00;2200;O_M
678;27.06.25 00:00;2200;28.06.25 00:00;2200;O_M
678;28.06.25 00:00;2200;29.06.25 00:00;2200;O_M
679;31.05.25 00:00;2200;01.06.25 00:00;2200;U
679;01.06.25 00:00;2200;02.06.25 00:00;2200;O_U
681;02.06.25 00:00;2200;03.06.25 00:00;2200;O_M
681;03.06.25 00:00;2200;04.06.25 00:00;2200;O_L
681;08.06.25 00:00;2200;09.06.25 00:00;2200;O_M
681;12.06.25 00:00;2200;13.06.25 00:00;2200;U
681;13.06.25 00:00;2200;14.06.25 00:00;2200;U
681;14.06.25 00:00;2200;15.06.25 00:00;2200;U
681;30.06.25 00:00;2200;01.07.25 00:00;2200;U
682;29.06.25 00:00;2200;30.06.25 00:00;2200;O_M
683;16.06.25 00:00;2200;17.06.25 00:00;2200;O_M
683;17.06.25 00:00;2200;18.06.25 00:00;2200;O_M
683;18.06.25 00:00;2200;19.06.25 00:00;2200;O_TZ
683;19.06.25 00:00;2200;20.06.25 00:00;2200;O_TZ
683;21.06.25 00:00;2200;22.06.25 00:00;2200;O_M
683;26.06.25 00:00;2200;27.06.25 00:00;2200;O_TZ
683;28.06.25 00:00;2200;29.06.25 00:00;2200;O_TZ
689;05.06.25 00:00;2200;06.06.25 00:00;2200;O_L
689;06.06.25 00:00;2200;07.06.25 00:00;2200;O_L
689;07.06.25 00:00;2200;08.06.25 00:00;2200;O_L
689;08.06.25 00:00;2200;09.06.25 00:00;2200;O_L
691;31.05.25 00:00;2200;01.06.25 00:00;2200;O_TZ
691;01.06.25 00:00;2200;02.06.25 00:00;2200;O_TZ
691;02.06.25 00:00;2200;03.06.25 00:00;2200;O_TZ
691;03.06.25 00:00;2200;04.06.25 00:00;2200;O_TZ
691;12.06.25 00:00;2200;13.06.25 00:00;2200;O_M
691;30.06.25 00:00;2200;01.07.25 00:00;2200;O_L
692;04.06.25 00:00;2200;05.06.25 00:00;2200;O_M
692;05.06.25 00:00;2200;06.06.25 00:00;2200;O_M
692;06.06.25 00:00;2200;07.06.25 00:00;2200;O_M
692;07.06.25 00:00;2200;08.06.25 00:00;2200;O_M
694;31.05.25 00:00;2200;01.06.25 00:00;2200;O_U
694;08.06.25 00:00;2200;09.06.25 00:00;2200;O_M
694;09.06.25 00:00;2200;10.06.25 00:00;2200;O_M
696;12.06.25 00:00;2200;13.06.25 00:00;2200;O_M
696;13.06.25 00:00;2200;14.06.25 00:00;2200;O_M
696;14.06.25 00:00;2200;15.06.25 00:00;2200;O_M
696;15.06.25 00:00;2200;16.06.25 00:00;2200;O_M
704;25.06.25 00:00;2200;26.06.25 00:00;2200;O_L
704;26.06.25 00:00;2200;27.06.25 00:00;2200;O_L
704;27.06.25 00:00;2200;28.06.25 00:00;2200;O_U
704;28.06.25 00:00;2200;29.06.25 00:00;2200;U
704;29.06.25 00:00;2200;30.06.25 00:00;2200;U
704;30.06.25 00:00;2200;01.07.25 00:00;2200;U
708;14.06.25 00:00;2200;15.06.25 00:00;2200;O_M
708;20.06.25 00:00;2200;21.06.25 00:00;2200;O_M
708;21.06.25 00:00;2200;22.06.25 00:00;2200;O_M
708;27.06.25 00:00;2200;28.06.25 00:00;2200;O_U
708;28.06.25 00:00;2200;29.06.25 00:00;2200;U
708;29.06.25 00:00;2200;30.06.25 00:00;2200;U
708;30.06.25 00:00;2200;01.07.25 00:00;2200;U
709;06.06.25 00:00;2200;07.06.25 00:00;2200;O_M
709;07.06.25 00:00;2200;08.06.25 00:00;2200;O_L
709;13.06.25 00:00;2200;14.06.25 00:00;2200;O_M
710;18.06.25 00:00;2200;19.06.25 00:00;2200;O_M
710;19.06.25 00:00;2200;20.06.25 00:00;2200;O_M
710;20.06.25 00:00;2200;21.06.25 00:00;2200;O_M
710;21.06.25 00:00;2200;22.06.25 00:00;2200;O_M
710;27.06.25 00:00;2200;28.06.25 00:00;2200;O_U
710;28.06.25 00:00;2200;29.06.25 00:00;2200;U
710;29.06.25 00:00;2200;30.06.25 00:00;2200;U
710;30.06.25 00:00;2200;01.07.25 00:00;2200;U
711;22.06.25 00:00;2200;23.06.25 00:00;2200;O_L
716;18.06.25 00:00;2200;19.06.25 00:00;2200;O_M
719;18.06.25 00:00;2200;19.06.25 00:00;2200;O_U
719;19.06.25 00:00;2200;20.06.25 00:00;2200;U
719;20.06.25 00:00;2200;21.06.25 00:00;2200;U
719;21.06.25 00:00;2200;22.06.25 00:00;2200;U
719;22.06.25 00:00;2200;23.06.25 00:00;2200;U
719;23.06.25 00:00;2200;24.06.25 00:00;2200;U
719;24.06.25 00:00;2200;25.06.25 00:00;2200;U
719;25.06.25 00:00;2200;26.06.25 00:00;2200;U
719;26.06.25 00:00;2200;27.06.25 00:00;2200;O_U
719;27.06.25 00:00;2200;28.06.25 00:00;2200;O_U
719;28.06.25 00:00;2200;29.06.25 00:00;2200;U
719;29.06.25 00:00;2200;30.06.25 00:00;2200;U
719;30.06.25 00:00;2200;01.07.25 00:00;2200;U
721;31.05.25 00:00;2200;01.06.25 00:00;2200;O_M
721;01.06.25 00:00;2200;02.06.25 00:00;2200;O_M
721;02.06.25 00:00;2200;03.06.25 00:00;2200;O_M
721;03.06.25 00:00;2200;04.06.25 00:00;2200;O_M
722;06.06.25 00:00;2200;07.06.25 00:00;2200;O_U
722;07.06.25 00:00;2200;08.06.25 00:00;2200;U
722;08.06.25 00:00;2200;09.06.25 00:00;2200;U
722;09.06.25 00:00;2200;10.06.25 00:00;2200;U
722;10.06.25 00:00;2200;11.06.25 00:00;2200;U
722;11.06.25 00:00;2200;12.06.25 00:00;2200;U
722;12.06.25 00:00;2200;13.06.25 00:00;2200;U
722;13.06.25 00:00;2200;14.06.25 00:00;2200;U
722;14.06.25 00:00;2200;15.06.25 00:00;2200;O_U
723;22.06.25 00:00;2200;23.06.25 00:00;2200;U
723;23.06.25 00:00;2200;24.06.25 00:00;2200;U
723;24.06.25 00:00;2200;25.06.25 00:00;2200;U
724;31.05.25 00:00;2200;01.06.25 00:00;2200;U
724;01.06.25 00:00;2200;02.06.25 00:00;2200;U
724;02.06.25 00:00;2200;03.06.25 00:00;2200;U
724;03.06.25 00:00;2200;04.06.25 00:00;2200;U
724;04.06.25 00:00;2200;05.06.25 00:00;2200;U
724;05.06.25 00:00;2200;06.06.25 00:00;2200;U
724;06.06.25 00:00;2200;07.06.25 00:00;2200;U
724;07.06.25 00:00;2200;08.06.25 00:00;2200;O_U
724;22.06.25 00:00;2200;23.06.25 00:00;2200;O_M
724;23.06.25 00:00;2200;24.06.25 00:00;2200;O_M
724;29.06.25 00:00;2200;30.06.25 00:00;2200;O_L
726;06.06.25 00:00;2200;07.06.25 00:00;2200;O_M
726;07.06.25 00:00;2200;08.06.25 00:00;2200;O_M
726;27.06.25 00:00;2200;28.06.25 00:00;2200;O_U
726;28.06.25 00:00;2200;29.06.25 00:00;2200;U
726;29.06.25 00:00;2200;30.06.25 00:00;2200;U
726;30.06.25 00:00;2200;01.07.25 00:00;2200;U
730;18.06.25 00:00;2200;19.06.25 00:00;2200;O_M
730;19.06.25 00:00;2200;20.06.25 00:00;2200;O_M
730;20.06.25 00:00;2200;21.06.25 00:00;2200;O_M
730;21.06.25 00:00;2200;22.06.25 00:00;2200;O_M
741;11.06.25 00:00;2200;12.06.25 00:00;2200;O_M
741;12.06.25 00:00;2200;13.06.25 00:00;2200;O_M
741;14.06.25 00:00;2200;15.06.25 00:00;2200;O_M
742;31.05.25 00:00;2200;01.06.25 00:00;2200;U
742;01.06.25 00:00;2200;02.06.25 00:00;2200;U
742;02.06.25 00:00;2200;03.06.25 00:00;2200;U
742;03.06.25 00:00;2200;04.06.25 00:00;2200;U
742;04.06.25 00:00;2200;05.06.25 00:00;2200;U
742;05.06.25 00:00;2200;06.06.25 00:00;2200;U
742;06.06.25 00:00;2200;07.06.25 00:00;2200;U
742;07.06.25 00:00;2200;08.06.25 00:00;2200;U
742;08.06.25 00:00;2200;09.06.25 00:00;2200;U
742;09.06.25 00:00;2200;10.06.25 00:00;2200;U
742;10.06.25 00:00;2200;11.06.25 00:00;2200;U
742;11.06.25 00:00;2200;12.06.25 00:00;2200;U
742;12.06.25 00:00;2200;13.06.25 00:00;2200;O_U
744;09.06.25 00:00;2200;10.06.25 00:00;2200;O_M
744;10.06.25 00:00;2200;11.06.25 00:00;2200;O_M
745;13.06.25 00:00;2200;14.06.25 00:00;2200;O_U
745;14.06.25 00:00;2200;15.06.25 00:00;2200;U
745;15.06.25 00:00;2200;16.06.25 00:00;2200;U
745;16.06.25 00:00;2200;17.06.25 00:00;2200;U
745;17.06.25 00:00;2200;18.06.25 00:00;2200;U
745;18.06.25 00:00;2200;19.06.25 00:00;2200;U
745;19.06.25 00:00;2200;20.06.25 00:00;2200;U
745;20.06.25 00:00;2200;21.06.25 00:00;2200;U
745;21.06.25 00:00;2200;22.06.25 00:00;2200;O_U
748;06.06.25 00:00;2200;07.06.25 00:00;2200;O_L
748;07.06.25 00:00;2200;08.06.25 00:00;2200;O_L
755;31.05.25 00:00;2200;01.06.25 00:00;2200;U
755;01.06.25 00:00;2200;02.06.25 00:00;2200;U
755;02.06.25 00:00;2200;03.06.25 00:00;2200;U
755;03.06.25 00:00;2200;04.06.25 00:00;2200;U
755;04.06.25 00:00;2200;05.06.25 00:00;2200;U
755;05.06.25 00:00;2200;06.06.25 00:00;2200;U
755;06.06.25 00:00;2200;07.06.25 00:00;2200;U
755;07.06.25 00:00;2200;08.06.25 00:00;2200;U
755;08.06.25 00:00;2200;09.06.25 00:00;2200;U
755;09.06.25 00:00;2200;10.06.25 00:00;2200;U
755;10.06.25 00:00;2200;11.06.25 00:00;2200;U
755;11.06.25 00:00;2200;12.06.25 00:00;2200;U
755;12.06.25 00:00;2200;13.06.25 00:00;2200;U
755;13.06.25 00:00;2200;14.06.25 00:00;2200;U
755;14.06.25 00:00;2200;15.06.25 00:00;2200;O_U
756;07.06.25 00:00;2200;08.06.25 00:00;2200;O_M
756;08.06.25 00:00;2200;09.06.25 00:00;2200;O_M
756;09.06.25 00:00;2200;10.06.25 00:00;2200;O_M
756;10.06.25 00:00;2200;11.06.25 00:00;2200;O_M
768;25.06.25 00:00;2200;26.06.25 00:00;2200;O_L
768;26.06.25 00:00;2200;27.06.25 00:00;2200;O_L
768;27.06.25 00:00;2200;28.06.25 00:00;2200;O_L
768;28.06.25 00:00;2200;29.06.25 00:00;2200;O_L
769;18.06.25 00:00;2200;19.06.25 00:00;2200;O_M
769;19.06.25 00:00;2200;20.06.25 00:00;2200;O_M
769;21.06.25 00:00;2200;22.06.25 00:00;2200;O_M
775;31.05.25 00:00;2200;01.06.25 00:00;2200;O_U
775;01.06.25 00:00;2200;02.06.25 00:00;2200;O_M
775;13.06.25 00:00;2200;14.06.25 00:00;2200;O_M
775;20.06.25 00:00;2200;21.06.25 00:00;2200;O_M
788;31.05.25 00:00;2200;01.06.25 00:00;2200;O_U
788;01.06.25 00:00;2200;02.06.25 00:00;2200;U
788;02.06.25 00:00;2200;03.06.25 00:00;2200;U
788;03.06.25 00:00;2200;04.06.25 00:00;2200;U
788;04.06.25 00:00;2200;05.06.25 00:00;2200;U
788;05.06.25 00:00;2200;06.06.25 00:00;2200;U
788;06.06.25 00:00;2200;07.06.25 00:00;2200;U
788;07.06.25 00:00;2200;08.06.25 00:00;2200;U
788;08.06.25 00:00;2200;09.06.25 00:00;2200;U
788;09.06.25 00:00;2200;10.06.25 00:00;2200;U
788;10.06.25 00:00;2200;11.06.25 00:00;2200;U
788;11.06.25 00:00;2200;12.06.25 00:00;2200;U
788;12.06.25 00:00;2200;13.06.25 00:00;2200;U
788;13.06.25 00:00;2200;14.06.25 00:00;2200;O_U
788;14.06.25 00:00;2200;15.06.25 00:00;2200;U
788;15.06.25 00:00;2200;16.06.25 00:00;2200;U
788;16.06.25 00:00;2200;17.06.25 00:00;2200;U
788;17.06.25 00:00;2200;18.06.25 00:00;2200;U
788;18.06.25 00:00;2200;19.06.25 00:00;2200;U
788;19.06.25 00:00;2200;20.06.25 00:00;2200;U
788;20.06.25 00:00;2200;21.06.25 00:00;2200;U
788;21.06.25 00:00;2200;22.06.25 00:00;2200;U
788;22.06.25 00:00;2200;23.06.25 00:00;2200;U
788;23.06.25 00:00;2200;24.06.25 00:00;2200;O_U
788;24.06.25 00:00;2200;25.06.25 00:00;2200;O_TZ
788;25.06.25 00:00;2200;26.06.25 00:00;2200;O_TZ
790;19.06.25 00:00;2200;20.06.25 00:00;2200;O_L
790;20.06.25 00:00;2200;21.06.25 00:00;2200;O_M
790;21.06.25 00:00;2200;22.06.25 00:00;2200;O_M
790;22.06.25 00:00;2200;23.06.25 00:00;2200;O_M
790;23.06.25 00:00;2200;24.06.25 00:00;2200;O_M
801;06.06.25 00:00;2200;07.06.25 00:00;2200;O_U
801;07.06.25 00:00;2200;08.06.25 00:00;2200;U
801;08.06.25 00:00;2200;09.06.25 00:00;2200;U
801;09.06.25 00:00;2200;10.06.25 00:00;2200;U
801;10.06.25 00:00;2200;11.06.25 00:00;2200;U
801;11.06.25 00:00;2200;12.06.25 00:00;2200;U
801;12.06.25 00:00;2200;13.06.25 00:00;2200;U
801;13.06.25 00:00;2200;14.06.25 00:00;2200;U
801;14.06.25 00:00;2200;15.06.25 00:00;2200;O_U
801;18.06.25 00:00;2200;19.06.25 00:00;2200;O_L
801;19.06.25 00:00;2200;20.06.25 00:00;2200;O_L
801;20.06.25 00:00;2200;21.06.25 00:00;2200;O_L
801;21.06.25 00:00;2200;22.06.25 00:00;2200;O_L
803;02.06.25 00:00;2200;03.06.25 00:00;2200;O_L
803;03.06.25 00:00;2200;04.06.25 00:00;2200;O_L
803;07.06.25 00:00;2200;08.06.25 00:00;2200;U
803;09.06.25 00:00;2200;10.06.25 00:00;2200;U
803;10.06.25 00:00;2200;11.06.25 00:00;2200;U
803;13.06.25 00:00;2200;14.06.25 00:00;2200;SU
803;14.06.25 00:00;2200;15.06.25 00:00;2200;SU
803;20.06.25 00:00;2200;21.06.25 00:00;2200;O_M
803;21.06.25 00:00;2200;22.06.25 00:00;2200;O_M
803;25.06.25 00:00;2200;26.06.25 00:00;2200;O_L
803;26.06.25 00:00;2200;27.06.25 00:00;2200;O_L
803;27.06.25 00:00;2200;28.06.25 00:00;2200;O_U
803;28.06.25 00:00;2200;29.06.25 00:00;2200;U
803;29.06.25 00:00;2200;30.06.25 00:00;2200;U
803;30.06.25 00:00;2200;01.07.25 00:00;2200;U
815;05.06.25 00:00;2200;06.06.25 00:00;2200;O_M
817;31.05.25 00:00;2200;01.06.25 00:00;2200;O_L
817;13.06.25 00:00;2200;14.06.25 00:00;2200;O_M
817;14.06.25 00:00;2200;15.06.25 00:00;2200;O_M
817;27.06.25 00:00;2200;28.06.25 00:00;2200;O_M
820;25.06.25 00:00;2200;26.06.25 00:00;2200;O_M
821;06.06.25 00:00;2200;07.06.25 00:00;2200;O_U
821;07.06.25 00:00;2200;08.06.25 00:00;2200;U
821;08.06.25 00:00;2200;09.06.25 00:00;2200;U
821;09.06.25 00:00;2200;10.06.25 00:00;2200;U
821;10.06.25 00:00;2200;11.06.25 00:00;2200;U
821;11.06.25 00:00;2200;12.06.25 00:00;2200;U
821;12.06.25 00:00;2200;13.06.25 00:00;2200;U
821;13.06.25 00:00;2200;14.06.25 00:00;2200;U
821;14.06.25 00:00;2200;15.06.25 00:00;2200;U
821;15.06.25 00:00;2200;16.06.25 00:00;2200;U
821;16.06.25 00:00;2200;17.06.25 00:00;2200;U
821;17.06.25 00:00;2200;18.06.25 00:00;2200;U
821;18.06.25 00:00;2200;19.06.25 00:00;2200;U
821;19.06.25 00:00;2200;20.06.25 00:00;2200;U
821;20.06.25 00:00;2200;21.06.25 00:00;2200;U
821;21.06.25 00:00;2200;22.06.25 00:00;2200;O_U
821;22.06.25 00:00;2200;23.06.25 00:00;2200;O_M
821;26.06.25 00:00;2200;27.06.25 00:00;2200;O_L
821;29.06.25 00:00;2200;30.06.25 00:00;2200;O_L
825;31.05.25 00:00;2200;01.06.25 00:00;2200;U
825;01.06.25 00:00;2200;02.06.25 00:00;2200;U
825;02.06.25 00:00;2200;03.06.25 00:00;2200;U
825;03.06.25 00:00;2200;04.06.25 00:00;2200;U
825;04.06.25 00:00;2200;05.06.25 00:00;2200;U
825;05.06.25 00:00;2200;06.06.25 00:00;2200;U
825;06.06.25 00:00;2200;07.06.25 00:00;2200;U
825;07.06.25 00:00;2200;08.06.25 00:00;2200;O_U
825;08.06.25 00:00;2200;09.06.25 00:00;2200;O_M
825;09.06.25 00:00;2200;10.06.25 00:00;2200;O_M
825;10.06.25 00:00;2200;11.06.25 00:00;2200;O_M
825;11.06.25 00:00;2200;12.06.25 00:00;2200;O_M
826;31.05.25 00:00;2200;01.06.25 00:00;2200;O_L
826;22.06.25 00:00;2200;23.06.25 00:00;2200;O_M
826;23.06.25 00:00;2200;24.06.25 00:00;2200;O_M
826;24.06.25 00:00;2200;25.06.25 00:00;2200;O_M
826;25.06.25 00:00;2200;26.06.25 00:00;2200;O_TZ
826;26.06.25 00:00;2200;27.06.25 00:00;2200;O_TZ
826;27.06.25 00:00;2200;28.06.25 00:00;2200;O_TZ
826;28.06.25 00:00;2200;29.06.25 00:00;2200;O_TZ
830;23.06.25 00:00;2200;24.06.25 00:00;2200;O_M
834;31.05.25 00:00;2200;01.06.25 00:00;2200;U
834;01.06.25 00:00;2200;02.06.25 00:00;2200;O_U
835;05.06.25 00:00;2200;06.06.25 00:00;2200;O_M
835;06.06.25 00:00;2200;07.06.25 00:00;2200;O_M
835;07.06.25 00:00;2200;08.06.25 00:00;2200;O_M
835;08.06.25 00:00;2200;09.06.25 00:00;2200;O_M
835;19.06.25 00:00;2200;20.06.25 00:00;2200;O_U
835;20.06.25 00:00;2200;21.06.25 00:00;2200;U
835;21.06.25 00:00;2200;22.06.25 00:00;2200;U
835;22.06.25 00:00;2200;23.06.25 00:00;2200;U
835;23.06.25 00:00;2200;24.06.25 00:00;2200;U
835;24.06.25 00:00;2200;25.06.25 00:00;2200;U
835;25.06.25 00:00;2200;26.06.25 00:00;2200;U
835;26.06.25 00:00;2200;27.06.25 00:00;2200;U
835;27.06.25 00:00;2200;28.06.25 00:00;2200;U
835;28.06.25 00:00;2200;29.06.25 00:00;2200;O_U
836;09.06.25 00:00;2200;10.06.25 00:00;2200;O_M
837;18.06.25 00:00;2200;19.06.25 00:00;2200;O_M
839;13.06.25 00:00;2200;14.06.25 00:00;2200;O_U
839;14.06.25 00:00;2200;15.06.25 00:00;2200;U
839;15.06.25 00:00;2200;16.06.25 00:00;2200;U
839;16.06.25 00:00;2200;17.06.25 00:00;2200;U
839;17.06.25 00:00;2200;18.06.25 00:00;2200;U
839;18.06.25 00:00;2200;19.06.25 00:00;2200;U
839;19.06.25 00:00;2200;20.06.25 00:00;2200;U
839;20.06.25 00:00;2200;21.06.25 00:00;2200;U
839;21.06.25 00:00;2200;22.06.25 00:00;2200;O_U
839;22.06.25 00:00;2200;23.06.25 00:00;2200;O_L
839;23.06.25 00:00;2200;24.06.25 00:00;2200;O_L
839;24.06.25 00:00;2200;25.06.25 00:00;2200;O_L
839;25.06.25 00:00;2200;26.06.25 00:00;2200;O_L
840;02.06.25 00:00;2200;03.06.25 00:00;2200;O_M
842;07.06.25 00:00;2200;08.06.25 00:00;2200;O_M
842;08.06.25 00:00;2200;09.06.25 00:00;2200;O_M
842;19.06.25 00:00;2200;20.06.25 00:00;2200;O_M
842;20.06.25 00:00;2200;21.06.25 00:00;2200;O_U
842;21.06.25 00:00;2200;22.06.25 00:00;2200;U
842;22.06.25 00:00;2200;23.06.25 00:00;2200;U
842;23.06.25 00:00;2200;24.06.25 00:00;2200;U
842;24.06.25 00:00;2200;25.06.25 00:00;2200;U
842;25.06.25 00:00;2200;26.06.25 00:00;2200;U
842;26.06.25 00:00;2200;27.06.25 00:00;2200;U
842;27.06.25 00:00;2200;28.06.25 00:00;2200;U
842;28.06.25 00:00;2200;29.06.25 00:00;2200;U
842;29.06.25 00:00;2200;30.06.25 00:00;2200;O_U
842;30.06.25 00:00;2300;01.07.25 00:00;2300;O_TZ
843;04.06.25 00:00;2200;05.06.25 00:00;2200;O_M
843;05.06.25 00:00;2200;06.06.25 00:00;2200;O_M
845;15.06.25 00:00;2200;16.06.25 00:00;2200;O_M
845;16.06.25 00:00;2200;17.06.25 00:00;2200;O_M
847;29.06.25 00:00;2200;30.06.25 00:00;2200;O_M
854;31.05.25 00:00;2200;01.06.25 00:00;2200;U
854;01.06.25 00:00;2200;02.06.25 00:00;2200;U
854;02.06.25 00:00;2200;03.06.25 00:00;2200;U
854;03.06.25 00:00;2200;04.06.25 00:00;2200;U
854;04.06.25 00:00;2200;05.06.25 00:00;2200;U
854;05.06.25 00:00;2200;06.06.25 00:00;2200;U
854;06.06.25 00:00;2200;07.06.25 00:00;2200;U
854;07.06.25 00:00;2200;08.06.25 00:00;2200;O_U
854;12.06.25 00:00;2200;13.06.25 00:00;2200;O_L
854;13.06.25 00:00;2200;14.06.25 00:00;2200;O_L
854;14.06.25 00:00;2200;15.06.25 00:00;2200;O_L
854;15.06.25 00:00;2200;16.06.25 00:00;2200;O_L
857;02.06.25 00:00;2200;03.06.25 00:00;2200;O_M
857;03.06.25 00:00;2200;04.06.25 00:00;2200;O_M
857;10.06.25 00:00;2200;11.06.25 00:00;2200;O_M
861;02.06.25 00:00;2200;03.06.25 00:00;2200;U
861;03.06.25 00:00;2200;04.06.25 00:00;2200;U
861;04.06.25 00:00;2200;05.06.25 00:00;2200;U
861;05.06.25 00:00;2200;06.06.25 00:00;2200;O_L
861;06.06.25 00:00;2200;07.06.25 00:00;2200;O_L
861;07.06.25 00:00;2200;08.06.25 00:00;2200;O_L
861;08.06.25 00:00;2200;09.06.25 00:00;2200;O_L
861;22.06.25 00:00;2200;23.06.25 00:00;2200;O_M
863;04.06.25 00:00;2200;05.06.25 00:00;2200;O_M
863;05.06.25 00:00;2200;06.06.25 00:00;2200;O_M
863;06.06.25 00:00;2200;07.06.25 00:00;2200;O_M
863;07.06.25 00:00;2200;08.06.25 00:00;2200;O_M
864;04.06.25 00:00;2200;05.06.25 00:00;2200;O_M
865;07.06.25 00:00;2200;08.06.25 00:00;2200;O_M
865;08.06.25 00:00;2200;09.06.25 00:00;2200;O_M
865;09.06.25 00:00;2200;10.06.25 00:00;2200;O_M
865;10.06.25 00:00;2200;11.06.25 00:00;2200;O_M
870;08.06.25 00:00;2200;09.06.25 00:00;2200;U
870;09.06.25 00:00;2200;10.06.25 00:00;2200;SU
870;10.06.25 00:00;2200;11.06.25 00:00;2200;SU
870;11.06.25 00:00;2200;12.06.25 00:00;2200;O_L
870;12.06.25 00:00;2200;13.06.25 00:00;2200;O_L
870;13.06.25 00:00;2200;14.06.25 00:00;2200;O_L
870;14.06.25 00:00;2200;15.06.25 00:00;2200;O_L
870;15.06.25 00:00;2200;16.06.25 00:00;2200;U
871;12.06.25 00:00;2200;13.06.25 00:00;2200;O_U
871;13.06.25 00:00;2200;14.06.25 00:00;2200;U
871;14.06.25 00:00;2200;15.06.25 00:00;2200;U
871;15.06.25 00:00;2200;16.06.25 00:00;2200;U
871;16.06.25 00:00;2200;17.06.25 00:00;2200;U
871;17.06.25 00:00;2200;18.06.25 00:00;2200;U
871;18.06.25 00:00;2200;19.06.25 00:00;2200;U
871;19.06.25 00:00;2200;20.06.25 00:00;2200;U
871;20.06.25 00:00;2200;21.06.25 00:00;2200;U
871;21.06.25 00:00;2200;22.06.25 00:00;2200;U
871;22.06.25 00:00;2200;23.06.25 00:00;2200;U
871;23.06.25 00:00;2200;24.06.25 00:00;2200;U
871;24.06.25 00:00;2200;25.06.25 00:00;2200;U
871;25.06.25 00:00;2200;26.06.25 00:00;2200;U
871;26.06.25 00:00;2200;27.06.25 00:00;2200;O_U
872;10.06.25 00:00;2200;11.06.25 00:00;2200;O_M
874;06.06.25 00:00;2200;07.06.25 00:00;2200;O_L
874;07.06.25 00:00;2200;08.06.25 00:00;2200;O_L
874;08.06.25 00:00;2200;09.06.25 00:00;2200;O_L
874;11.06.25 00:00;2200;12.06.25 00:00;2200;O_L
875;06.06.25 00:00;2200;07.06.25 00:00;2200;O_M
875;20.06.25 00:00;2200;21.06.25 00:00;2200;O_M
875;27.06.25 00:00;2200;28.06.25 00:00;2200;O_M
876;09.06.25 00:00;2200;10.06.25 00:00;2200;O_M
876;27.06.25 00:00;2200;28.06.25 00:00;2200;O_U
876;28.06.25 00:00;2200;29.06.25 00:00;2200;U
876;29.06.25 00:00;2200;30.06.25 00:00;2200;U
876;30.06.25 00:00;2200;01.07.25 00:00;2200;U
879;15.06.25 00:00;2200;16.06.25 00:00;2200;O_M
880;17.06.25 00:00;2200;18.06.25 00:00;2200;O_M
880;18.06.25 00:00;2200;19.06.25 00:00;2200;O_M
883;07.06.25 00:00;2200;08.06.25 00:00;2200;O_TZ
883;08.06.25 00:00;2200;09.06.25 00:00;2200;O_TZ
883;09.06.25 00:00;2200;10.06.25 00:00;2200;O_TZ
883;20.06.25 00:00;2200;21.06.25 00:00;2200;O_M
883;21.06.25 00:00;2200;22.06.25 00:00;2200;O_M
883;26.06.25 00:00;2200;27.06.25 00:00;2200;O_M
889;18.06.25 00:00;2200;19.06.25 00:00;2200;O_M
889;20.06.25 00:00;2200;21.06.25 00:00;2200;O_L
889;21.06.25 00:00;2200;22.06.25 00:00;2200;O_L
890;11.06.25 00:00;2200;12.06.25 00:00;2200;O_L
890;12.06.25 00:00;2200;13.06.25 00:00;2200;O_L
890;26.06.25 00:00;2200;27.06.25 00:00;2200;O_M
890;27.06.25 00:00;2200;28.06.25 00:00;2200;O_M
890;28.06.25 00:00;2200;29.06.25 00:00;2200;O_M
890;29.06.25 00:00;2200;30.06.25 00:00;2200;O_L
891;04.06.25 00:00;2200;05.06.25 00:00;2200;U
891;05.06.25 00:00;2200;06.06.25 00:00;2200;U
891;06.06.25 00:00;2200;07.06.25 00:00;2200;U
891;07.06.25 00:00;2200;08.06.25 00:00;2200;U
891;08.06.25 00:00;2200;09.06.25 00:00;2200;U
891;12.06.25 00:00;2200;13.06.25 00:00;2200;U
891;13.06.25 00:00;2200;14.06.25 00:00;2200;U
891;14.06.25 00:00;2200;15.06.25 00:00;2200;U
891;15.06.25 00:00;2200;16.06.25 00:00;2200;U
894;10.06.25 00:00;2200;11.06.25 00:00;2200;O_M
894;11.06.25 00:00;2200;12.06.25 00:00;2200;O_M
894;12.06.25 00:00;2200;13.06.25 00:00;2200;O_M
894;13.06.25 00:00;2200;14.06.25 00:00;2200;O_U
894;14.06.25 00:00;2200;15.06.25 00:00;2200;U
894;15.06.25 00:00;2200;16.06.25 00:00;2200;U
894;16.06.25 00:00;2200;17.06.25 00:00;2200;U
894;17.06.25 00:00;2200;18.06.25 00:00;2200;U
894;18.06.25 00:00;2200;19.06.25 00:00;2200;U
894;19.06.25 00:00;2200;20.06.25 00:00;2200;U
894;20.06.25 00:00;2200;21.06.25 00:00;2200;U
894;21.06.25 00:00;2200;22.06.25 00:00;2200;U
894;22.06.25 00:00;2200;23.06.25 00:00;2200;U
894;23.06.25 00:00;2200;24.06.25 00:00;2200;U
894;24.06.25 00:00;2200;25.06.25 00:00;2200;U
894;25.06.25 00:00;2200;26.06.25 00:00;2200;U
894;26.06.25 00:00;2200;27.06.25 00:00;2200;U
894;27.06.25 00:00;2200;28.06.25 00:00;2200;U
894;28.06.25 00:00;2200;29.06.25 00:00;2200;O_U
895;18.06.25 00:00;2200;19.06.25 00:00;2200;O_M
895;19.06.25 00:00;2200;20.06.25 00:00;2200;O_M
895;20.06.25 00:00;2200;21.06.25 00:00;2200;O_M
895;21.06.25 00:00;2200;22.06.25 00:00;2200;O_M
898;31.05.25 00:00;2200;01.06.25 00:00;2200;O_U
898;06.06.25 00:00;2200;07.06.25 00:00;2200;O_TZ
898;07.06.25 00:00;2200;08.06.25 00:00;2200;O_TZ
898;10.06.25 00:00;2200;11.06.25 00:00;2200;U
898;11.06.25 00:00;2200;12.06.25 00:00;2200;U
898;12.06.25 00:00;2200;13.06.25 00:00;2200;U
898;13.06.25 00:00;2200;14.06.25 00:00;2200;O_L
898;14.06.25 00:00;2200;15.06.25 00:00;2200;O_L
898;27.06.25 00:00;2200;28.06.25 00:00;2200;O_M
902;05.06.25 00:00;2200;06.06.25 00:00;2200;O_L
902;06.06.25 00:00;2200;07.06.25 00:00;2200;O_L
902;07.06.25 00:00;2200;08.06.25 00:00;2200;O_L
902;08.06.25 00:00;2200;09.06.25 00:00;2200;O_L
902;13.06.25 00:00;2200;14.06.25 00:00;2200;O_TZ
902;14.06.25 00:00;2200;15.06.25 00:00;2200;O_TZ
902;26.06.25 00:00;2200;27.06.25 00:00;2200;O_M
902;27.06.25 00:00;2200;28.06.25 00:00;2200;O_M
902;28.06.25 00:00;2200;29.06.25 00:00;2200;O_TZ
902;29.06.25 00:00;2200;30.06.25 00:00;2200;O_M
907;17.06.25 00:00;2200;18.06.25 00:00;2200;O_M
907;18.06.25 00:00;2200;19.06.25 00:00;2200;O_M
907;19.06.25 00:00;2200;20.06.25 00:00;2200;O_M
907;20.06.25 00:00;2200;21.06.25 00:00;2200;O_U
907;21.06.25 00:00;2200;22.06.25 00:00;2200;U
907;22.06.25 00:00;2200;23.06.25 00:00;2200;U
907;23.06.25 00:00;2200;24.06.25 00:00;2200;U
907;24.06.25 00:00;2200;25.06.25 00:00;2200;U
907;25.06.25 00:00;2200;26.06.25 00:00;2200;U
907;26.06.25 00:00;2200;27.06.25 00:00;2200;U
907;27.06.25 00:00;2200;28.06.25 00:00;2200;U
907;28.06.25 00:00;2200;29.06.25 00:00;2200;U
907;29.06.25 00:00;2200;30.06.25 00:00;2200;U
907;30.06.25 00:00;2200;01.07.25 00:00;2200;O_U
909;15.06.25 00:00;2200;16.06.25 00:00;2200;O_M
917;29.06.25 00:00;2200;30.06.25 00:00;2200;O_M
919;06.06.25 00:00;2200;07.06.25 00:00;2200;O_U
919;07.06.25 00:00;2200;08.06.25 00:00;2200;U
919;08.06.25 00:00;2200;09.06.25 00:00;2200;U
919;09.06.25 00:00;2200;10.06.25 00:00;2200;U
919;10.06.25 00:00;2200;11.06.25 00:00;2200;U
919;11.06.25 00:00;2200;12.06.25 00:00;2200;U
919;12.06.25 00:00;2200;13.06.25 00:00;2200;U
919;13.06.25 00:00;2200;14.06.25 00:00;2200;U
919;14.06.25 00:00;2200;15.06.25 00:00;2200;O_U
919;27.06.25 00:00;2200;28.06.25 00:00;2200;O_U
919;28.06.25 00:00;2200;29.06.25 00:00;2200;U
919;29.06.25 00:00;2200;30.06.25 00:00;2200;U
919;30.06.25 00:00;2200;01.07.25 00:00;2200;U
920;31.05.25 00:00;2200;01.06.25 00:00;2200;U
920;01.06.25 00:00;2200;02.06.25 00:00;2200;U
920;02.06.25 00:00;2200;03.06.25 00:00;2200;U
920;03.06.25 00:00;2200;04.06.25 00:00;2200;U
920;04.06.25 00:00;2200;05.06.25 00:00;2200;U
920;05.06.25 00:00;2200;06.06.25 00:00;2200;U
920;06.06.25 00:00;2200;07.06.25 00:00;2200;U
920;07.06.25 00:00;2200;08.06.25 00:00;2200;O_U
920;26.06.25 00:00;2200;27.06.25 00:00;2200;O_L
920;27.06.25 00:00;2200;28.06.25 00:00;2200;O_L
920;28.06.25 00:00;2200;29.06.25 00:00;2200;O_L
920;29.06.25 00:00;2200;30.06.25 00:00;2200;O_L
921;31.05.25 00:00;2200;01.06.25 00:00;2200;O_M
923;10.06.25 00:00;2200;11.06.25 00:00;2200;O_M
923;11.06.25 00:00;2200;12.06.25 00:00;2200;O_M
923;18.06.25 00:00;2200;19.06.25 00:00;2200;O_L
926;06.06.25 00:00;2200;07.06.25 00:00;2200;O_U
926;07.06.25 00:00;2200;08.06.25 00:00;2200;U
926;08.06.25 00:00;2200;09.06.25 00:00;2200;U
926;09.06.25 00:00;2200;10.06.25 00:00;2200;U
926;10.06.25 00:00;2200;11.06.25 00:00;2200;U
926;11.06.25 00:00;2200;12.06.25 00:00;2200;U
926;12.06.25 00:00;2200;13.06.25 00:00;2200;U
926;13.06.25 00:00;2200;14.06.25 00:00;2200;U
926;14.06.25 00:00;2200;15.06.25 00:00;2200;O_U
926;25.06.25 00:00;2200;26.06.25 00:00;2200;O_M
928;31.05.25 00:00;2200;01.06.25 00:00;2200;U
928;01.06.25 00:00;2200;02.06.25 00:00;2200;U
928;02.06.25 00:00;2200;03.06.25 00:00;2200;U
928;03.06.25 00:00;2200;04.06.25 00:00;2200;U
928;04.06.25 00:00;2200;05.06.25 00:00;2200;U
928;05.06.25 00:00;2200;06.06.25 00:00;2200;U
928;06.06.25 00:00;2200;07.06.25 00:00;2200;U
928;07.06.25 00:00;2200;08.06.25 00:00;2200;O_U
928;13.06.25 00:00;2200;14.06.25 00:00;2200;O_TZ
928;14.06.25 00:00;2200;15.06.25 00:00;2200;O_TZ
928;15.06.25 00:00;2200;16.06.25 00:00;2200;O_TZ
928;18.06.25 00:00;2200;19.06.25 00:00;2200;O_M
929;04.06.25 00:00;2200;05.06.25 00:00;2200;O_U
929;05.06.25 00:00;2200;06.06.25 00:00;2200;U
929;06.06.25 00:00;2200;07.06.25 00:00;2200;U
929;07.06.25 00:00;2200;08.06.25 00:00;2200;U
929;08.06.25 00:00;2200;09.06.25 00:00;2200;U
929;09.06.25 00:00;2200;10.06.25 00:00;2200;U
929;10.06.25 00:00;2200;11.06.25 00:00;2200;U
929;11.06.25 00:00;2200;12.06.25 00:00;2200;U
929;12.06.25 00:00;2200;13.06.25 00:00;2200;U
929;13.06.25 00:00;2200;14.06.25 00:00;2200;U
929;14.06.25 00:00;2200;15.06.25 00:00;2200;U
929;15.06.25 00:00;2200;16.06.25 00:00;2200;U
929;16.06.25 00:00;2200;17.06.25 00:00;2200;U
929;17.06.25 00:00;2200;18.06.25 00:00;2200;U
929;18.06.25 00:00;2200;19.06.25 00:00;2200;U
929;19.06.25 00:00;2200;20.06.25 00:00;2200;U
929;20.06.25 00:00;2200;21.06.25 00:00;2200;O_U
929;27.06.25 00:00;2200;28.06.25 00:00;2200;O_L
929;28.06.25 00:00;2200;29.06.25 00:00;2200;O_L
933;31.05.25 00:00;2200;01.06.25 00:00;2200;U
933;01.06.25 00:00;2200;02.06.25 00:00;2200;U
933;02.06.25 00:00;2200;03.06.25 00:00;2200;U
933;03.06.25 00:00;2200;04.06.25 00:00;2200;U
933;04.06.25 00:00;2200;05.06.25 00:00;2200;U
933;05.06.25 00:00;2200;06.06.25 00:00;2200;U
933;06.06.25 00:00;2200;07.06.25 00:00;2200;U
933;07.06.25 00:00;2200;08.06.25 00:00;2200;U
933;08.06.25 00:00;2200;09.06.25 00:00;2200;U
933;09.06.25 00:00;2200;10.06.25 00:00;2200;U
933;10.06.25 00:00;2200;11.06.25 00:00;2200;U
933;11.06.25 00:00;2200;12.06.25 00:00;2200;U
933;12.06.25 00:00;2200;13.06.25 00:00;2200;U
933;13.06.25 00:00;2200;14.06.25 00:00;2200;U
933;14.06.25 00:00;2200;15.06.25 00:00;2200;U
933;15.06.25 00:00;2200;16.06.25 00:00;2200;U
933;16.06.25 00:00;2200;17.06.25 00:00;2200;U
933;17.06.25 00:00;2200;18.06.25 00:00;2200;U
933;18.06.25 00:00;2200;19.06.25 00:00;2200;U
933;19.06.25 00:00;2200;20.06.25 00:00;2200;U
933;20.06.25 00:00;2200;21.06.25 00:00;2200;U
933;21.06.25 00:00;2200;22.06.25 00:00;2200;O_U
933;26.06.25 00:00;2200;27.06.25 00:00;2200;O_TZ
933;27.06.25 00:00;2200;28.06.25 00:00;2200;O_TZ
933;29.06.25 00:00;2200;30.06.25 00:00;2200;O_TZ
